ANO;EVENTO;GRUPO_EDAD;LOCALIDAD;CONCENTRACION_PM_2_5;NUMERO_MUERTES_POBLACION;POBLACION_CENSO_2018;ESTIMADO_CASOS_ATRIBUIBLES_100000_HABITANTES_CENTRAL;ESTIMACION_PROPORCION_ATRIBUIBLE_CENTRAL - Copia
2021;Mortalidad, IRAB;Niños 0 - 4años; Chapinero;11.9;0;9383;0;4,84%
2023;Mortalidad, IRAB;Niños 0 - 4años; Usaquén;12.1;3;30452;0,5;4,98%
2023;Mortalidad, ACV;Adultos 25 - 95 años y más; La Candelaria;12.6;7;12454;0;13,67%
2023;Mortalidad, Ca pulmón;Adultos >= 25 años; La Candelaria;12.6;1;12454;0,6;7,86%
2023;Mortalidad, IRAB;Niños 0 - 4años; La Candelaria;12.6;0;651;0;5,30%
2021;Mortalidad, ACV;Adultos 25 - 95 años y más; La Candelaria;12.7;8;11970;0;13,89%
2021;Mortalidad, EPOC;Adultos >= 25 años; La Candelaria;12.7;2;11970;0,9;5,39%
2021;Mortalidad, Ca pulmón;Adultos >= 25 años; La Candelaria;12.7;1;11970;0,7;7,95%
2020;Mortalidad, IRAB;Niños 0 - 4años; San Cristóbal;12.7;2;28880;0,4;5,37%
2021;Mortalidad, IRAB;Niños 0 - 4años; La Candelaria;12.7;1;671;8;5,37%
2021;Mortalidad, IRAB;Niños 0 - 4años; Suba;12.7;4;73187;0,3;5,37%
2023;Mortalidad, IRAB;Niños 0 - 4años; Chapinero;12.8;0;10228;0;5,43%
2018;Mortalidad, IRAB;Niños 0 - 4años; San Cristóbal;12.8;5;26739;1;5,43%
2021;Mortalidad, IRAB;Niños 0 - 4años; Barrios Unidos;12.8;0;7691;0;5,43%
2018;Mortalidad, ACV;Adultos 25 - 95 años y más; La Candelaria;12.9;8;11240;0;14,31%
2019;Mortalidad, ACV;Adultos 25 - 95 años y más; La Candelaria;12.9;5;11486;0;14,27%
2019;Mortalidad, Ca pulmón;Adultos >= 25 años; La Candelaria;12.9;1;11486;0,7;8,13%
2019;Mortalidad, EIC;Adultos 25 - 95 años y más; La Candelaria;12.9;21;11486;0;13,25%
2018;Mortalidad, IRAB;Niños 0 - 4años; Engativá;12.9;5;44312;0,6;5,50%
2019;Mortalidad, IRAB;Niños 0 - 4años; La Candelaria;12.9;0;691;0;5,50%
2018;Mortalidad, IRAB;Niños 0 - 4años; La Candelaria;12.9;0;701;0;5,50%
2023;Mortalidad, IRAB;Niños 0 - 4años; San Cristóbal;13;2;32239;0,3;5,56%
2023;Mortalidad, IRAB;Niños 0 - 4años; Los Mártires;13;5;4966;5,6;5,56%
2021;Mortalidad, IRAB;Niños 0 - 4años; Santa Fe;13;1;7193;0,8;5,56%
2023;Mortalidad, IRAB;Niños 0 - 4años; Santa Fe;13;1;8393;0,7;5,56%
2020;Mortalidad, Ca pulmón;Adultos >= 25 años; La Candelaria;13.2;3;11728;2,1;8,39%
2020;Mortalidad, ACV;Adultos 25 - 95 años y más; La Candelaria;13.2;6;11728;0;14,66%
2020;Mortalidad, EPOC;Adultos >= 25 años; La Candelaria;13.2;4;11728;2,6;7,70%
2020;Mortalidad, EIC;Adultos 25 - 95 años y más; La Candelaria;13.2;16;11728;0;13,61%
2020;Mortalidad, IRAB;Niños 0 - 4años; La Candelaria;13.2;0;681;0;5,60%
2024;Mortalidad, IRAB;Niños 0 - 4años; San Cristóbal;13.3;2;32989;0,3;5,75%
2018;Mortalidad, IRAB;Niños 0 - 4años; Chapinero;13.3;2;7944;1,4;5,75%
2020;Mortalidad, IRAB;Niños 0 - 4años; Chapinero;13.3;0;9054;0;5,75%
2020;Mortalidad, ACV;Adultos 25 - 95 años y más; Barrios Unidos;13.4;19;101965;0;14,94%
2019;Mortalidad, IRAB;Niños 0 - 4años; Santa Fe;13.4;0;6617;0;5,82%
2020;Mortalidad, IRAB;Niños 0 - 4años; Barrios Unidos;13.4;0;7108;0;5,82%
2018;Mortalidad, IRAB;Niños 0 - 4años; Usaquén;13.5;3;29033;0,6;5,88%
2021;Mortalidad, IRAB;Niños 0 - 4años; San Cristóbal;13.5;4;29847;0,8;5,88%
2019;Mortalidad, IRAB;Niños 0 - 4años; Chapinero;13.6;0;8492;0;5,94%
2023;Mortalidad, IRAB;Niños 0 - 4años; Barrios Unidos;13.6;0;9169;0;5,94%
2019;Mortalidad, IRAB;Niños 0 - 4años; Barrios Unidos;13.7;1;6560;0,9;6,01%
2019;Mortalidad, IRAB;Niños 0 - 4años; Usaquén;13.8;0;29868;0;6,07%
2020;Mortalidad, IRAB;Niños 0 - 4años; Usaquén;13.8;0;30514;0;6,07%
2018;Mortalidad, IRAB;Niños 0 - 4años; Santa Fe;13.8;0;6420;0;6,07%
2020;Mortalidad, IRAB;Niños 0 - 4años; Santa Fe;13.8;1;6822;0,9;6,07%
2020;Mortalidad, ACV;Adultos 25 - 95 años y más; Santa Fe;13.8;14;68924;0;16,09%
2023;Mortalidad, IRAB;Niños 0 - 4años; Teusaquillo;13.8;0;7067;0;6,07%
2018;Mortalidad, IRAB;Niños 0 - 4años; Barrios Unidos;14.5;1;6173;1,1;6,51%
2024;Mortalidad, IRAB;Niños 0 - 4años; Usaquén;14.6;0;30414;0;6,58%
2022;Mortalidad, IRAB;Niños 0 - 4años; San Cristóbal;14.7;4;30900;0,9;6,64%
2020;Mortalidad, IRAB;Niños 0 - 4años; Suba;14.7;1;74510;0,1;6,64%
2024;Mortalidad, ACV;Adultos 25 - 95 años y más; La Candelaria;14.8;8;12696;0;16,71%
2024;Mortalidad, Ca pulmón;Adultos >= 25 años; La Candelaria;14.8;0;12696;0;9,73%
2024;Mortalidad, EIC;Adultos 25 - 95 años y más; La Candelaria;14.8;18;12696;0;15,44%
2018;Mortalidad, IRAB;Niños 0 - 4años; Fontibón;14.8;4;21023;1,3;6,70%
2024;Mortalidad, IRAB;Niños 0 - 4años; La Candelaria;14.8;0;641;0;6,70%
2019;Mortalidad, IRAB;Niños 0 - 4años; Suba;14.8;4;73349;0,4;6,70%
2024;Mortalidad, IRAB;Niños 0 - 4años; Chapinero;14.9;0;10634;0;6,76%
2024;Mortalidad, IRAB;Niños 0 - 4años; Barrios Unidos;14.9;0;9737;0;6,76%
2022;Mortalidad, ACV;Adultos 25 - 95 años y más; La Candelaria;15;2;12212;0;17,06%
2022;Mortalidad, Ca pulmón;Adultos >= 25 años; La Candelaria;15;2;12212;1,6;9,89%
2022;Mortalidad, IRAB;Niños 0 - 4años; La Candelaria;15;0;661;0;6,83%
2024;Mortalidad, IRAB;Niños 0 - 4años; Los Mártires;15.1;1;5011;1,4;6,89%
2019;Mortalidad, IRAB;Niños 0 - 4años; Teusaquillo;15.2;1;6090;1,1;6,95%
2022;Mortalidad, IRAB;Niños 0 - 4años; Santa Fe;15.2;1;7684;0,9;6,95%
2018;Mortalidad, IRAB;Niños 0 - 4años; Teusaquillo;15.3;1;5840;1,2;7,01%
2021;Mortalidad, IRAB;Niños 0 - 4años; Teusaquillo;15.3;1;6639;1,1;7,01%
2024;Mortalidad, IRAB;Niños 0 - 4años; Teusaquillo;15.3;0;7292;0;7,01%
2019;Mortalidad, IRAB;Niños 0 - 4años; Los Mártires;15.4;0;4726;0;7,07%
2024;Mortalidad, ACV;Adultos 25 - 95 años y más; Santa Fe;15.4;32;70517;0;18,40%
2024;Mortalidad, IRAB;Niños 0 - 4años; Santa Fe;15.4;2;8868;1,6;7,07%
2024;Mortalidad, IRAB;Niños 0 - 4años; Suba;15.5;2;65956;0,2;7,14%
2022;Mortalidad, IRAB;Niños 0 - 4años; Los Mártires;15.6;0;4870;0;7,20%
2023;Mortalidad, IRAB;Niños 0 - 4años; Antonio Nariño;15.6;0;7290;0;7,20%
2018;Mortalidad, IRAB;Niños 0 - 4años; Los Mártires;15.7;1;4333;1,7;7,26%
2021;Mortalidad, IRAB;Niños 0 - 4años; Engativá;15.9;2;39608;0,4;7,38%
2019;Mortalidad, IRAB;Niños 0 - 4años; Usme;16;3;30191;0,7;7,44%
2020;Mortalidad, ACV;Adultos 25 - 95 años y más; Teusaquillo;16.1;9;121996;0;18,54%
2023;Mortalidad, IRAB;Niños 0 - 4años; Engativá;16.1;3;33187;0,7;7,50%
2020;Mortalidad, IRAB;Niños 0 - 4años; Teusaquillo;16.1;0;6431;0;7,50%
2019;Mortalidad, IRAB;Niños 0 - 4años; Engativá;16.2;4;43563;0,7;7,56%
2021;Mortalidad, IRAB;Niños 0 - 4años; Los Mártires;16.2;1;4803;1,6;7,56%
2022;Mortalidad, IRAB;Niños 0 - 4años; Chapinero;16.3;1;9777;0,8;7,63%
2020;Mortalidad, IRAB;Niños 0 - 4años; Los Mártires;16.5;1;4836;1,6;7,75%
2023;Mortalidad, IRAB;Niños 0 - 4años; Fontibón;16.7;1;20692;0,4;7,87%
2023;Mortalidad, IRAB;Niños 0 - 4años; Puente Aranda;16.8;3;13031;1,8;7,93%
2024;Mortalidad, IRAB;Niños 0 - 4años; Antonio Nariño;16.9;0;8164;0;7,99%
2018;Mortalidad, IRAB;Niños 0 - 4años; Antonio Nariño;17.2;2;4063;4;8,17%
2020;Mortalidad, IRAB;Niños 0 - 4años; Antonio Nariño;17.3;0;4880;0;8,23%
2022;Mortalidad, IRAB;Niños 0 - 4años; Antonio Nariño;17.3;0;6291;0;8,23%
2020;Mortalidad, IRAB;Niños 0 - 4años; Engativá;17.4;1;42243;0,2;8,29%
2019;Mortalidad, IRAB;Niños 0 - 4años; Antonio Nariño;17.4;1;4397;1,9;8,29%
2021;Mortalidad, IRAB;Niños 0 - 4años; Fontibón;17.7;2;20894;0,8;8,46%
2019;Mortalidad, IRAB;Niños 0 - 4años; Fontibón;17.9;1;21126;0,4;8,58%
2021;Mortalidad, IRAB;Niños 0 - 4años; Antonio Nariño;17.9;0;5486;0;8,58%
2024;Mortalidad, IRAB;Niños 0 - 4años; Puente Aranda;18.1;0;13239;0;8,70%
2021;Mortalidad, IRAB;Niños 0 - 4años; Puente Aranda;18.4;0;12592;0;8,88%
2020;Mortalidad, IRAB;Niños 0 - 4años; Rafael Uribe Uribe;18.4;1;26716;0,3;8,88%
2020;Mortalidad, IRAB;Niños 0 - 4años; Puente Aranda;18.7;1;12564;0,7;9,05%
2024;Mortalidad, IRAB;Niños 0 - 4años; Fontibón;18.8;1;20960;0,4;9,11%
2018;Mortalidad, IRAB;Niños 0 - 4años; Puente Aranda;18.9;1;12240;0,7;9,17%
2019;Mortalidad, IRAB;Niños 0 - 4años; Puente Aranda;18.9;2;12391;1,5;9,17%
2022;Mortalidad, IRAB;Niños 0 - 4años; Teusaquillo;19;0;6851;0;9,23%
2022;Mortalidad, IRAB;Niños 0 - 4años; Barrios Unidos;19.1;1;8343;1,1;9,28%
2024;Mortalidad, IRAB;Niños 0 - 4años; Rafael Uribe Uribe;19.3;0;28897;0;9,40%
2020;Mortalidad, IRAB;Niños 0 - 4años; Fontibón;19.5;0;21132;0;9,52%
2021;Mortalidad, IRAB;Niños 0 - 4años; Rafael Uribe Uribe;19.5;1;27526;0,3;9,52%
2018;Mortalidad, IRAB;Niños 0 - 4años; Rafael Uribe Uribe;20.1;3;24270;1,2;9,86%
2023;Mortalidad, IRAB;Niños 0 - 4años; Kennedy;20.2;1;47940;0,2;9,91%
2024;Mortalidad, IRAB;Niños 0 - 4años; Kennedy;20.4;3;42148;0,7;10,03%
2020;Mortalidad, IRAB;Niños 0 - 4años; Tunjuelito;21.6;1;12463;0,9;10,70%
2020;Mortalidad, IRAB;Niños 0 - 4años; Kennedy;21.7;2;64590;0,3;10,76%
2023;Mortalidad, IRAB;Niños 0 - 4años; Bosa;21.8;0;49865;0;10,81%
2020;Mortalidad, IRAB;Niños 0 - 4años; Bosa;21.8;2;53367;0,4;10,81%
2021;Mortalidad, IRAB;Niños 0 - 4años; Kennedy;21.9;3;59691;0,5;10,87%
2021;Mortalidad, IRAB;Niños 0 - 4años; Tunjuelito;23.2;0;13214;0;11,57%
2024;Mortalidad, IRAB;Niños 0 - 4años; Tunjuelito;23.2;0;16003;0;11,57%
2018;Mortalidad, IRAB;Niños 0 - 4años; Tunjuelito;23.9;0;10945;0;11,95%
2023;Mortalidad, IRAB;Niños 0 - 4años; Tunjuelito;24.3;0;15283;0;12,16%
2022;Mortalidad, IRAB;Niños 0 - 4años; Tunjuelito;24.4;2;14121;1,7;12,22%
2019;Mortalidad, IRAB;Niños 0 - 4años; Tunjuelito;24.8;0;11445;0;12,43%
2023;Mortalidad, EIC;Adultos 25 - 95 años y más; La Candelaria;12.6;20;12454;0;12,71%
2023;Mortalidad, EPOC;Adultos >= 25 años; La Candelaria;12.6;6;12454;3,5;7,19%
2021;Mortalidad, enf resp;Adultos >= 30 años; La Candelaria;12.7;7;10288;4,8;7,08%
2021;Mortalidad, ACV;Adultos 25 - 95 años y más; Barrios Unidos;12.8;41;105437;0;14,12%
2018;Mortalidad, EIC;Adultos 25 - 95 años y más; La Candelaria;12.9;32;11240;0;13,30%
2019;Mortalidad, IRAB;Niños 0 - 4años; San Cristóbal;12.9;7;28057;1,4;5,50%
2023;Mortalidad, ACV;Adultos 25 - 95 años y más; Los Mártires;13;28;56764;0;15,02%
2018;Mortalidad, ACV;Adultos 25 - 95 años y más; Chapinero;13.3;18;113551;0;15,16%
2020;Mortalidad, ACV;Adultos 25 - 95 años y más; Chapinero;13.3;20;125373;0;15,18%
2022;Mortalidad, IRAB;Niños 0 - 4años; Usaquén;13.4;7;30513;1,3;5,82%
2019;Mortalidad, Ca pulmón;Adultos >= 25 años; Santa Fe;13.4;5;67453;0,6;8,56%
2019;Mortalidad, ACV;Adultos 25 - 95 años y más; Santa Fe;13.4;19;67453;0;15,44%
2023;Mortalidad, ACV;Adultos 25 - 95 años y más; Barrios Unidos;13.6;26;112142;0;15,23%
2019;Mortalidad, ACV;Adultos 25 - 95 años y más; Chapinero;13.6;22;119497;0;15,61%
2023;Mortalidad, IRAB;Niños 0 - 4años; Suba;13.7;8;68536;0,7;6,01%
2024;Mortalidad, ACV;Adultos 25 - 95 años y más; Chapinero;14.9;30;138104;0;17,26%
2018;Mortalidad, IRAB;Niños 0 - 4años; Suba;15;6;71144;0,6;6,83%
2022;Mortalidad, ACV;Adultos 25 - 95 años y más; Los Mártires;15.6;23;56285;0;18,70%
2018;Mortalidad, IRAB;Niños 0 - 4años; Usme;17;6;29007;1,7;8,05%
2018;Mortalidad, ACV;Adultos 25 - 95 años y más; Antonio Nariño;17.2;21;52922;0;19,83%
2020;Mortalidad, ACV;Adultos 25 - 95 años y más; Antonio Nariño;17.3;24;54651;0;20,08%
2024;Mortalidad, IRAB;Niños 0 - 4años; Engativá;18.1;4;30536;1,1;8,70%
2022;Mortalidad, IRAB;Niños 0 - 4años; Puente Aranda;18.7;4;12714;2,9;9,05%
2022;Mortalidad, IRAB;Niños 0 - 4años; Fontibón;19.1;4;20698;1,8;9,28%
2022;Mortalidad, IRAB;Niños 0 - 4años; Engativá;19.2;5;36672;1,3;9,34%
2019;Mortalidad, IRAB;Niños 0 - 4años; Rafael Uribe Uribe;19.7;4;25504;1,5;9,63%
2021;Mortalidad, IRAB;Niños 0 - 4años; Bosa;20.6;4;51520;0,8;10,14%
2020;Mortalidad, IRAB;Niños 0 - 4años; Ciudad Bolívar;24.5;3;54664;0,7;12,27%
2021;Mortalidad, ACV;Adultos 25 - 95 años y más; Chapinero;11.9;32;128971;0,8;13,06%
2021;Mortalidad, EPOC;Adultos >= 25 años; Chapinero;11.9;34;128971;1,2;4,67%
2023;Mortalidad, enf resp;Adultos >= 30 años; La Candelaria;12.6;8;10732;5,2;6,99%
2021;Mortalidad, ACV;Adultos 25 - 95 años y más; Teusaquillo;12.8;40;128276;2,3;17,56%
2023;Mortalidad, ACV;Adultos 25 - 95 años y más; Chapinero;12.8;26;135408;0,7;14,31%
2018;Mortalidad, Ca pulmón;Adultos >= 25 años; La Candelaria;12.9;7;11240;5,1;8,13%
2019;Mortalidad, enf resp;Adultos >= 30 años; La Candelaria;12.9;17;9844;12,5;7,25%
2021;Mortalidad, ACV;Adultos 25 - 95 años y más; Santa Fe;13;37;69525;2,9;15,00%
2023;Mortalidad, ACV;Adultos 25 - 95 años y más; Santa Fe;13;29;70208;1,4;14,96%
2020;Mortalidad, enf resp;Adultos >= 30 años; La Candelaria;13.2;7;10066;5,2;7,52%
2023;Mortalidad, ACV;Adultos 25 - 95 años y más; Teusaquillo;13.8;34;129592;1,5;15,46%
2018;Mortalidad, ACV;Adultos 25 - 95 años y más; Santa Fe;13.8;32;65793;3;15,95%
2020;Mortalidad, Ca pulmón;Adultos >= 25 años; Santa Fe;13.8;7;68924;0,9;8,90%
2024;Mortalidad, enf resp;Adultos >= 30 años; La Candelaria;14.8;16;10954;13;8,92%
2022;Mortalidad, enf resp;Adultos >= 30 años; La Candelaria;15;12;10510;10,4;9,09%
2022;Mortalidad, EIC;Adultos 25 - 95 años y más; La Candelaria;15;27;12212;8,2;15,76%
2024;Mortalidad, ACV;Adultos 25 - 95 años y más; Los Mártires;15.1;30;57199;1,7;18,07%
2022;Mortalidad, IRAB;Niños 0 - 4años; Suba;15.1;11;70959;1,1;6,89%
2019;Mortalidad, ACV;Adultos 25 - 95 años y más; Teusaquillo;15.2;28;114301;1,7;17,34%
2022;Mortalidad, ACV;Adultos 25 - 95 años y más; Santa Fe;15.2;23;69994;1,4;18,10%
2024;Mortalidad, ACV;Adultos 25 - 95 años y más; Teusaquillo;15.3;42;129495;3,1;17,48%
2019;Mortalidad, ACV;Adultos 25 - 95 años y más; Los Mártires;15.4;20;53956;1,9;18,12%
2023;Mortalidad, ACV;Adultos 25 - 95 años y más; Antonio Nariño;15.6;25;56389;1,8;18,02%
2018;Mortalidad, ACV;Adultos 25 - 95 años y más; Los Mártires;15.7;25;47374;2,1;18,27%
2022;Mortalidad, ACV;Adultos 25 - 95 años y más; Chapinero;16.3;38;132434;2,3;19,19%
2020;Mortalidad, ACV;Adultos 25 - 95 años y más; Los Mártires;16.5;21;54849;1,8;19,74%
2024;Mortalidad, ACV;Adultos 25 - 95 años y más; Antonio Nariño;16.9;26;56888;1,8;19,68%
2023;Mortalidad, IRAB;Niños 0 - 4años; Rafael Uribe Uribe;19.3;6;29061;1,9;9,40%
2024;Mortalidad, IRAB;Niños 0 - 4años; Bosa;20.1;7;47786;1,4;9,86%
2022;Mortalidad, IRAB;Niños 0 - 4años; Rafael Uribe Uribe;20.4;6;28262;2,1;10,03%
2018;Mortalidad, IRAB;Niños 0 - 4años; Bosa;21.7;5;52802;1;10,76%
2024;Mortalidad, IRAB;Niños 0 - 4años; Ciudad Bolívar;26.2;4;55447;0,9;13,15%
2023;Mortalidad, IRAB;Niños 0 - 4 años;TOTAL_BOGOTA_post_covid;16.1;44;471155;0,7;7,50%
2023;Mortalidad, IRAB;Niños 0 - 4 años;TOTAL_BOGOTAU;16.1;44;481306;0,7;7,50%
2023;Mortalidad, IRAB;Niños 0 - 4 años;TOTAL_BOGOTA;16.1;44;481629;0,7;7,50%
2023;Mortalidad, ACV;TOTAL_BOGOTA_post_covid;TOTAL_BOGOTA_post_covid;16.1;1562;5354569;3,3;19,04%
2023;Mortalidad, EIC;TOTAL_BOGOTA_post_covid;TOTAL_BOGOTA_post_covid;16.1;5829;5354569;10,1;17,53%
2023;Mortalidad, ACV;TOTAL_BOGOTAU;TOTAL_BOGOTAU;16.1;1560;5367650;3,2;18,90%
2023;Mortalidad, EIC;TOTAL_BOGOTAU;TOTAL_BOGOTAU;16.1;5820;5367650;9,7;17,40%
2023;Mortalidad, ACV;TOTAL_BOGOTA;TOTAL_BOGOTA;16.1;1562;5369896;3,2;18,90%
2023;Mortalidad, EIC;TOTAL_BOGOTA;TOTAL_BOGOTA;16.1;5829;5369896;9,7;17,40%
2021;Mortalidad, IRAB;Niños 0 - 4 años;TOTAL_BOGOTA_post_covid;16.4;32;485960;0,5;7,69%
2021;Mortalidad, IRAB;Niños 0 - 4 años;TOTAL_BOGOTAU;16.4;32;488870;0,5;7,69%
2021;Mortalidad, IRAB;Niños 0 - 4 años;TOTAL_BOGOTA;16.4;32;489189;0,5;7,69%
2021;Mortalidad, EIC;TOTAL_BOGOTAU;TOTAL_BOGOTAU;16.4;7364;5143452;13,4;17,84%
2021;Mortalidad, ACV;TOTAL_BOGOTAU;TOTAL_BOGOTAU;16.4;1566;5143452;3,6;19,39%
2021;Mortalidad, ACV;TOTAL_BOGOTA;TOTAL_BOGOTA;16.4;1567;5145518;3,6;19,39%
2021;Mortalidad, EIC;TOTAL_BOGOTA;TOTAL_BOGOTA;16.4;7366;5145518;13,4;17,84%
2021;Mortalidad, ACV;TOTAL_BOGOTA_post_covid;TOTAL_BOGOTA_post_covid;16.4;1567;5167022;3,7;19,47%
2021;Mortalidad, EIC;TOTAL_BOGOTA_post_covid;TOTAL_BOGOTA_post_covid;16.4;7366;5167022;13,8;17,91%
2022;Mortalidad, IRAB;Niños 0 - 4 años;TOTAL_BOGOTA_post_covid;16.5;76;479213;1,2;7,75%
2022;Mortalidad, IRAB;Niños 0 - 4 años;TOTAL_BOGOTAU;16.5;76;484984;1,2;7,75%
2022;Mortalidad, IRAB;Niños 0 - 4 años;TOTAL_BOGOTA;16.5;76;485305;1,2;7,75%
2022;Mortalidad, EIC;TOTAL_BOGOTAU;TOTAL_BOGOTAU;16.5;6522;5258193;11,4;17,90%
2022;Mortalidad, ACV;TOTAL_BOGOTAU;TOTAL_BOGOTAU;16.5;1522;5258193;3,4;19,46%
2022;Mortalidad, EIC;TOTAL_BOGOTA;TOTAL_BOGOTA;16.5;6525;5260361;11,4;17,90%
2022;Mortalidad, ACV;TOTAL_BOGOTA;TOTAL_BOGOTA;16.5;1523;5260361;3,4;19,46%
2022;Mortalidad, EIC;TOTAL_BOGOTA_post_covid;TOTAL_BOGOTA_post_covid;16.5;6525;5268211;11,9;18,01%
2022;Mortalidad, ACV;TOTAL_BOGOTA_post_covid;TOTAL_BOGOTA_post_covid;16.5;1523;5268211;3,4;19,59%
2024;Mortalidad, IRAB;Niños 0 - 4 años;TOTAL_BOGOTA_post_covid;16.9;29;462484;0,5;7,99%
2024;Mortalidad, IRAB;Niños 0 - 4 años;TOTAL_BOGOTAU;16.9;29;472554;0,5;7,99%
2024;Mortalidad, IRAB;Niños 0 - 4 años;TOTAL_BOGOTA;16.9;29;472881;0,5;7,99%
2024;Mortalidad, ACV;TOTAL_BOGOTA_post_covid;TOTAL_BOGOTA_post_covid;16.9;1699;5428673;3,7;20,01%
2024;Mortalidad, EIC;TOTAL_BOGOTA_post_covid;TOTAL_BOGOTA_post_covid;16.9;5790;5428673;10,5;18,38%
2024;Mortalidad, EIC;TOTAL_BOGOTAU;TOTAL_BOGOTAU;16.9;5785;5479036;10;18,25%
2024;Mortalidad, ACV;TOTAL_BOGOTA;TOTAL_BOGOTAU;16.9;1699;5479036;3,6;19,86%
2024;Mortalidad, EIC;TOTAL_BOGOTA;TOTAL_BOGOTA;16.9;5790;5481361;10;18,25%
2024;Mortalidad, ACV;TOTAL_BOGOTAU;TOTAL_BOGOTA;16.9;1699;5715204;3,6;19,85%
2018;Mortalidad, IRAB;Niños 0 - 4 años;TOTAL_BOGOTAU;17.18;64;475267;1,1;8,17%
2018;Mortalidad, IRAB;Niños 0 - 4 años;TOTAL_BOGOTA;17.18;64;475569;1,1;8,17%
2018;Mortalidad, EIC;TOTAL_BOGOTAU;TOTAL_BOGOTAU;17.2;5565;4684665;11,8;18,82%
2018;Mortalidad, ACV;TOTAL_BOGOTAU;TOTAL_BOGOTAU;17.2;1341;4684665;3,6;20,49%
2018;Mortalidad, ACV;TOTAL_BOGOTA;TOTAL_BOGOTA;17.2;1341;4686406;3,6;20,49%
2018;Mortalidad, EIC;TOTAL_BOGOTA;TOTAL_BOGOTA;17.2;5567;4686406;11,8;18,82%
2020;Mortalidad, IRAB;Niños 0 - 4 años;TOTAL_BOGOTA_post_covid;17.25;18;487698;0,3;8,23%
2020;Mortalidad, IRAB;Niños 0 - 4 años;TOTAL_BOGOTAU;17.25;18;492976;0,3;8,23%
2020;Mortalidad, IRAB;Niños 0 - 4 años;TOTAL_BOGOTA;17.25;18;493287;0,3;8,23%
2020;Mortalidad, ACV;TOTAL_BOGOTAU;TOTAL_BOGOTAU;17.3;1059;5012708;3;20,64%
2020;Mortalidad, EIC;TOTAL_BOGOTAU;TOTAL_BOGOTAU;17.3;4410;5012708;9,7;18,87%
2020;Mortalidad, EIC;TOTAL_BOGOTA;TOTAL_BOGOTA;17.3;4414;5014667;9,8;18,87%
2020;Mortalidad, ACV;TOTAL_BOGOTA;TOTAL_BOGOTA;17.3;1060;5014676;3;20,56%
2020;Mortalidad, ACV;TOTAL_BOGOTA_post_covid;TOTAL_BOGOTA_post_covid;17.3;1060;5034140;3;20,61%
2020;Mortalidad, EIC;TOTAL_BOGOTA_post_covid;TOTAL_BOGOTA_post_covid;17.3;4414;5034140;10;18,91%
2022;Mortalidad, IRAB;Niños 0 - 4años; Bosa;18.1;11;50909;1,9;8,70%
2019;Mortalidad, ACV;TOTAL_BOGOTAU;TOTAL_BOGOTAU;18.3;1445;4854059;3,9;21,80%
2019;Mortalidad, EIC;TOTAL_BOGOTAU;TOTAL_BOGOTAU;18.3;5400;4854059;11,8;19,95%
2019;Mortalidad, ACV;TOTAL_BOGOTA;TOTAL_BOGOTA;18.3;1445;4855923;3,9;21,80%
2019;Mortalidad, EIC;TOTAL_BOGOTA;TOTAL_BOGOTA;18.3;5401;4855923;11,9;20,41%
2019;Mortalidad, IRAB;Niños 0 - 4 años;TOTAL_BOGOTAU;18.3;59;486038;1,1;8,82%
2019;Mortalidad, IRAB;Niños 0 - 4 años;TOTAL_BOGOTA;18.3;59;486341;1,1;8,82%
2022;Mortalidad, IRAB;Niños 0 - 4años; Kennedy;20.7;9;54036;1,7;10,20%
2018;Mortalidad, IRAB;Niños 0 - 4años; Kennedy;22.5;8;68035;1,3;11,19%
2019;Mortalidad, IRAB;Niños 0 - 4años; Kennedy;23.2;8;67000;1,4;11,57%
2019;Mortalidad, IRAB;Niños 0 - 4años; Bosa;25.1;11;53350;2,6;12,58%
2018;Mortalidad, IRAB;Niños 0 - 4años; Ciudad Bolívar;25.3;8;50243;2;12,69%
2023;Mortalidad, IRAB;Niños 0 - 4años; Ciudad Bolívar;27.2;7;56839;1,7;13,66%
2021;Mortalidad, IRAB;Niños 0 - 4años; Ciudad Bolívar;28.3;6;55635;1,5;14,21%
2019;Mortalidad, IRAB;Niños 0 - 4años; Ciudad Bolívar;29;8;52621;2,2;14,56%
2021;Mortalidad, naturales;Adultos de 30 años y más; Chapinero;11.9;703;110697;32,8;5,17%
2023;Mortalidad, naturales;Adultos de 30 años y más; Usaquén;12.1;2522;374774;35,8;5,32%
2023;Mortalidad, naturales;Adultos de 30 años y más; La Candelaria;12.6;117;10732;61,9;5,68%
2021;Mortalidad, naturales;Adultos de 30 años y más; La Candelaria;12.7;116;10288;64,9;5,75%
2020;Mortalidad, naturales;Adultos de 30 años y más; San Cristóbal;12.7;1702;206057;47,5;5,75%
2021;Mortalidad, naturales;Adultos de 30 años y más; Suba;12.7;4505;720477;36;5,75%
2023;Mortalidad, naturales;Adultos de 30 años y más; Chapinero;12.8;674;117671;33,4;5,83%
2018;Mortalidad, naturales;Adultos de 30 años y más; San Cristóbal;12.8;1490;196003;44,3;5,83%
2021;Mortalidad, naturales;Adultos de 30 años y más; Barrios Unidos;12.8;780;90960;50;5,83%
2019;Mortalidad, naturales;Adultos de 30 años y más; San Cristóbal;12.9;1508;201121;44,2;5,90%
2018;Mortalidad, naturales;Adultos de 30 años y más; Engativá;12.9;3343;448600;44;5,90%
2018;Mortalidad, naturales;Adultos de 30 años y más; La Candelaria;12.9;149;9618;91,4;5,90%
2019;Mortalidad, naturales;Adultos de 30 años y más; La Candelaria;12.9;102;9844;61,1;5,90%
2023;Mortalidad, naturales;Adultos de 30 años y más; San Cristóbal;13;1529;218494;41,8;5,97%
2023;Mortalidad, naturales;Adultos de 30 años y más; Los Mártires;13;565;47001;71,8;5,97%
2021;Mortalidad, naturales;Adultos de 30 años y más; Santa Fe;13;602;57784;62,2;5,97%
2023;Mortalidad, naturales;Adultos de 30 años y más; Santa Fe;13;560;58669;57;5,97%
2020;Mortalidad, naturales;Adultos de 30 años y más; La Candelaria;13.2;114;10066;69,3;6,12%
2020;Mortalidad, naturales;Adultos de 30 años y más; Chapinero;13.3;755;107199;43,6;6,19%
2024;Mortalidad, naturales;Adultos de 30 años y más; San Cristóbal;13.3;1642;222974;45,6;6,19%
2018;Mortalidad, naturales;Adultos de 30 años y más; Chapinero;13.3;652;96784;41,7;6,19%
2022;Mortalidad, naturales;Adultos de 30 años y más; Usaquén;13.4;2598;365694;44,5;6,26%
2019;Mortalidad, naturales;Adultos de 30 años y más; Santa Fe;13.4;536;56569;59,3;6,26%
2020;Mortalidad, naturales;Adultos de 30 años y más; Barrios Unidos;13.4;851;88012;60,5;6,26%
2021;Mortalidad, naturales;Adultos de 30 años y más; San Cristóbal;13.5;1624;210242;48,9;6,33%
2018;Mortalidad, naturales;Adultos de 30 años y más; Usaquén;13.5;2231;324202;43,6;6,33%
2019;Mortalidad, naturales;Adultos de 30 años y más; Chapinero;13.6;654;102005;41,1;6,40%
2023;Mortalidad, naturales;Adultos de 30 años y más; Barrios Unidos;13.6;788;97221;51,9;6,40%
2023;Mortalidad, naturales;Adultos de 30 años y más; Suba;13.7;4355;770770;36,6;6,48%
2019;Mortalidad, naturales;Adultos de 30 años y más; Barrios Unidos;13.7;808;84213;62,1;6,48%
2023;Mortalidad, naturales;Adultos de 30 años y más; Teusaquillo;13.8;816;113307;47,2;6,55%
2019;Mortalidad, naturales;Adultos de 30 años y más; Usaquén;13.8;2371;336053;46,2;6,55%
2020;Mortalidad, naturales;Adultos de 30 años y más; Usaquén;13.8;2424;347670;45,7;6,55%
2018;Mortalidad, naturales;Adultos de 30 años y más; Santa Fe;13.8;587;55577;69,2;6,55%
2020;Mortalidad, naturales;Adultos de 30 años y más; Santa Fe;13.8;564;57488;64,2;6,55%
2018;Mortalidad, naturales;Adultos de 30 años y más; Barrios Unidos;14.5;810;80401;71;7,05%
2024;Mortalidad, naturales;Adultos de 30 años y más; Usaquén;14.6;2790;384647;51,7;7,12%
2022;Mortalidad, naturales;Adultos de 30 años y más; San Cristóbal;14.7;1543;214562;51,7;7,19%
2020;Mortalidad, naturales;Adultos de 30 años y más; Suba;14.7;4349;695357;45;7,19%
2024;Mortalidad, naturales;Adultos de 30 años y más; La Candelaria;14.8;110;10954;73;7,26%
2018;Mortalidad, naturales;Adultos de 30 años y más; Fontibón;14.8;1217;207202;42,7;7,26%
2019;Mortalidad, naturales;Adultos de 30 años y más; Suba;14.8;3936;667272;42,9;7,26%
2024;Mortalidad, naturales;Adultos de 30 años y más; Barrios Unidos;14.9;875;100246;64;7,34%
2024;Mortalidad, naturales;Adultos de 30 años y más; Chapinero;14.9;716;120839;43,5;7,34%
2022;Mortalidad, naturales;Adultos de 30 años y más; La Candelaria;15;121;10510;85,3;7,41%
2018;Mortalidad, naturales;Adultos de 30 años y más; Suba;15;3837;637453;44,6;7,41%
2024;Mortalidad, naturales;Adultos de 30 años y más; Los Mártires;15.1;557;47703;87,3;7,48%
2022;Mortalidad, naturales;Adultos de 30 años y más; Suba;15.1;4598;745691;46,1;7,48%
2022;Mortalidad, naturales;Adultos de 30 años y más; Santa Fe;15.2;538;58343;69,6;7,55%
2019;Mortalidad, naturales;Adultos de 30 años y más; Teusaquillo;15.2;854;99200;65;7,55%
2021;Mortalidad, naturales;Adultos de 30 años y más; Teusaquillo;15.3;843;111289;57,7;7,62%
2024;Mortalidad, naturales;Adultos de 30 años y más; Teusaquillo;15.3;840;113815;56,2;7,62%
2018;Mortalidad, naturales;Adultos de 30 años y más; Teusaquillo;15.3;849;93591;69,1;7,62%
2019;Mortalidad, naturales;Adultos de 30 años y más; Los Mártires;15.4;537;44860;92,1;7,69%
2024;Mortalidad, naturales;Adultos de 30 años y más; Santa Fe;15.4;532;59136;69,2;7,69%
2024;Mortalidad, naturales;Adultos de 30 años y más; Suba;15.5;4704;797571;45,8;7,76%
2022;Mortalidad, naturales;Adultos de 30 años y más; Los Mártires;15.6;567;46396;95,7;7,83%
2023;Mortalidad, naturales;Adultos de 30 años y más; Antonio Nariño;15.6;532;48385;86,1;7,83%
2018;Mortalidad, naturales;Adultos de 30 años y más; Los Mártires;15.7;534;39908;105,8;7,90%
2021;Mortalidad, naturales;Adultos de 30 años y más; Engativá;15.9;3599;480463;60,3;8,05%
2019;Mortalidad, naturales;Adultos de 30 años y más; Usme;16;1060;177967;48,4;8,12%
2020;Mortalidad, naturales;Adultos de 30 años y más; Teusaquillo;16.1;841;105780;65,1;8,19%
2023;Mortalidad, naturales;Adultos de 30 años y más;TOTAL_BOGOTA_post_covid;16.1;30217;4556754;54,3;8,19%
2023;Mortalidad, naturales;Adultos de 30 años y más;TOTAL_BOGOTAU;16.1;30191;4598833;53,8;8,19%
2023;Mortalidad, naturales;Adultos de 30 años y más;TOTAL_BOGOTA;16.1;30217;4600799;53,8;8,19%
2023;Mortalidad, naturales;Adultos de 30 años y más; Engativá;16.1;3501;501166;57,2;8,19%
2021;Mortalidad, naturales;Adultos de 30 años y más; Los Mártires;16.2;594;45581;107,6;8,26%
2019;Mortalidad, naturales;Adultos de 30 años y más; Engativá;16.2;3272;459611;58,8;8,26%
2022;Mortalidad, naturales;Adultos de 30 años y más; Chapinero;16.3;708;114421;68,8;11,12%
2021;Mortalidad, naturales;Adultos de 30 años y más;TOTAL_BOGOTAU;16.4;31332;4379915;60,1;8,40%
2021;Mortalidad, naturales;Adultos de 30 años y más;TOTAL_BOGOTA;16.4;31343;4381710;60,1;8,40%
2021;Mortalidad, naturales;Adultos de 30 años y más;TOTAL_BOGOTA_post_covid;16.4;31343;4381932;60,1;8,40%
2022;Mortalidad, naturales;Adultos de 30 años y más;TOTAL_BOGOTA_post_covid;16.5;31142;4471525;59;8,47%
2022;Mortalidad, naturales;Adultos de 30 años y más;TOTAL_BOGOTAU;16.5;31120;4488685;58,7;8,47%
2022;Mortalidad, naturales;Adultos de 30 años y más;TOTAL_BOGOTA;16.5;31142;4490578;58,7;8,47%
2020;Mortalidad, naturales;Adultos de 30 años y más; Los Mártires;16.5;577;45231;108,1;8,47%
2023;Mortalidad, naturales;Adultos de 30 años y más; Fontibón;16.7;1461;244616;51,4;8,61%
2023;Mortalidad, naturales;Adultos de 30 años y más; Puente Aranda;16.8;1271;159090;69,4;8,68%
2024;Mortalidad, naturales;Adultos de 30 años y más;TOTAL_BOGOTA_post_covid;16.9;32142;4640295;60,6;8,75%
2024;Mortalidad, naturales;Adultos de 30 años y más;TOTAL_BOGOTAU;16.9;32129;4719342;59,6;8,75%
2024;Mortalidad, naturales;Adultos de 30 años y más;TOTAL_BOGOTA;16.9;32142;4721381;59,6;8,75%
2024;Mortalidad, naturales;Adultos de 30 años y más; Antonio Nariño;16.9;572;48970;102,2;8,75%
2018;Mortalidad, naturales;Adultos de 30 años y más; Usme;17;1050;170388;54,4;8,82%
2018;Mortalidad, naturales;Adultos de 30 años y más;TOTAL_BOGOTAU;17.18;27908;3989531;62,7;8,96%
2018;Mortalidad, naturales;Adultos de 30 años y más;TOTAL_BOGOTA;17.18;27922;3991024;62,7;8,96%
2018;Mortalidad, naturales;Adultos de 30 años y más; Antonio Nariño;17.2;534;45911;104,2;8,96%
2020;Mortalidad, naturales;Adultos de 30 años y más;TOTAL_BOGOTAU;17.25;30911;4263727;65,5;9,03%
2020;Mortalidad, naturales;Adultos de 30 años y más;TOTAL_BOGOTA;17.25;30929;4265430;65,5;9,03%
2020;Mortalidad, naturales;Adultos de 30 años y más;TOTAL_BOGOTA_post_covid;17.25;30929;4270635;65,4;9,03%
2020;Mortalidad, naturales;Adultos de 30 años y más; Antonio Nariño;17.3;538;46939;103,5;9,03%
2022;Mortalidad, naturales;Adultos de 30 años y más; Antonio Nariño;17.3;518;47851;97,8;9,03%
2019;Mortalidad, naturales;Adultos de 30 años y más; Antonio Nariño;17.4;512;46237;100,8;9,10%
2020;Mortalidad, naturales;Adultos de 30 años y más; Engativá;17.4;3631;471044;70,2;9,10%
2021;Mortalidad, naturales;Adultos de 30 años y más; Fontibón;17.7;1417;230794;57,2;9,31%
2019;Mortalidad, naturales;Adultos de 30 años y más; Fontibón;17.9;1303;215691;57,1;9,45%
2021;Mortalidad, naturales;Adultos de 30 años y más; Antonio Nariño;17.9;514;47165;103;9,45%
2024;Mortalidad, naturales;Adultos de 30 años y más; Puente Aranda;18.1;1307;162365;77,2;9,59%
2022;Mortalidad, naturales;Adultos de 30 años y más; Bosa;18.1;2157;373490;55,4;9,59%
2024;Mortalidad, naturales;Adultos de 30 años y más; Engativá;18.1;3614;513101;67,5;9,59%
2019;Mortalidad, naturales;Adultos de 30 años y más;TOTAL_BOGOTAU;18.3;28611;4129860;67,4;9,73%
2019;Mortalidad, naturales;Adultos de 30 años y más;TOTAL_BOGOTA;18.3;28614;4131469;67,4;9,73%
2021;Mortalidad, naturales;Adultos de 30 años y más; Puente Aranda;18.4;1382;152455;88,8;9,80%
2020;Mortalidad, naturales;Adultos de 30 años y más; Rafael Uribe Uribe;18.4;1771;201953;85,9;9,80%
2020;Mortalidad, naturales;Adultos de 30 años y más; Puente Aranda;18.7;1373;149158;92,1;10,01%
2022;Mortalidad, naturales;Adultos de 30 años y más; Puente Aranda;18.7;1284;155906;82,4;10,01%
2024;Mortalidad, naturales;Adultos de 30 años y más; Fontibón;18.8;1535;251085;61,6;10,08%
2018;Mortalidad, naturales;Adultos de 30 años y más; Puente Aranda;18.9;1230;141040;88,5;10,15%
2019;Mortalidad, naturales;Adultos de 30 años y más; Puente Aranda;18.9;1261;145125;88,2;10,15%
2022;Mortalidad, naturales;Adultos de 30 años y más; Teusaquillo;19;828;112727;75;10,21%
2022;Mortalidad, naturales;Adultos de 30 años y más; Fontibón;19.1;1461;237788;63,2;10,28%
2022;Mortalidad, naturales;Adultos de 30 años y más; Barrios Unidos;19.1;849;94231;92,7;10,28%
2022;Mortalidad, naturales;Adultos de 30 años y más; Engativá;19.2;3500;490607;73,9;10,35%
2023;Mortalidad, naturales;Adultos de 30 años y más; Rafael Uribe Uribe;19.3;1593;215535;77;10,42%
2024;Mortalidad, naturales;Adultos de 30 años y más; Rafael Uribe Uribe;19.3;1684;220267;79,7;10,42%
2021;Mortalidad, naturales;Adultos de 30 años y más; Rafael Uribe Uribe;19.5;1736;206660;88,7;10,56%
2020;Mortalidad, naturales;Adultos de 30 años y más; Fontibón;19.5;1374;223866;64,8;10,56%
2019;Mortalidad, naturales;Adultos de 30 años y más; Rafael Uribe Uribe;19.7;1579;196399;86;10,70%
2018;Mortalidad, naturales;Adultos de 30 años y más; Rafael Uribe Uribe;20.1;1449;190470;83,5;10,97%
2024;Mortalidad, naturales;Adultos de 30 años y más; Bosa;20.1;2171;393756;60,5;10,97%
2023;Mortalidad, naturales;Adultos de 30 años y más; Kennedy;20.2;3708;599895;68,2;11,04%
2022;Mortalidad, naturales;Adultos de 30 años y más; Rafael Uribe Uribe;20.4;1670;211203;88,4;11,18%
2024;Mortalidad, naturales;Adultos de 30 años y más; Kennedy;20.4;3964;615559;72;11,18%
2021;Mortalidad, naturales;Adultos de 30 años y más; Bosa;20.6;2150;368806;66;11,31%
2022;Mortalidad, naturales;Adultos de 30 años y más; Kennedy;20.7;3886;586620;75,4;11,38%
2020;Mortalidad, naturales;Adultos de 30 años y más; Tunjuelito;21.6;815;96235;101,6;11,99%
2018;Mortalidad, naturales;Adultos de 30 años y más; Bosa;21.7;1732;333126;62,7;12,06%
2020;Mortalidad, naturales;Adultos de 30 años y más; Kennedy;21.7;3724;563466;79,7;12,06%
2020;Mortalidad, naturales;Adultos de 30 años y más; Bosa;21.8;2057;354758;70,3;12,13%
2023;Mortalidad, naturales;Adultos de 30 años y más; Bosa;21.8;2084;382891;66;12,13%
2021;Mortalidad, naturales;Adultos de 30 años y más; Kennedy;21.9;3782;574528;80,3;12,20%
2018;Mortalidad, naturales;Adultos de 30 años y más; Kennedy;22.5;3419;539808;79,8;12,60%
2024;Mortalidad, naturales;Adultos de 30 años y más; Tunjuelito;23.2;825;103003;104,7;13,07%
2019;Mortalidad, naturales;Adultos de 30 años y más; Kennedy;23.2;3472;551344;82,3;13,07%
2021;Mortalidad, naturales;Adultos de 30 años y más; Tunjuelito;23.2;829;97608;111;13,07%
2018;Mortalidad, naturales;Adultos de 30 años y más; Tunjuelito;23.9;755;91513;11,2;13,54%
2023;Mortalidad, naturales;Adultos de 30 años y más; Tunjuelito;24.3;762;101071;104,1;13,80%
2022;Mortalidad, naturales;Adultos de 30 años y más; Tunjuelito;24.4;846;99416;118;13,87%
2020;Mortalidad, naturales;Adultos de 30 años y más; Ciudad Bolívar;24.5;2074;308232;93,8;13,94%
2019;Mortalidad, naturales;Adultos de 30 años y más; Tunjuelito;24.8;767;94053;115,3;14,13%
2019;Mortalidad, naturales;Adultos de 30 años y más; Bosa;25.1;1888;343932;78,7;14,33%
2018;Mortalidad, naturales;Adultos de 30 años y más; Ciudad Bolívar;25.3;1833;287936;92,1;14,46%
2024;Mortalidad, naturales;Adultos de 30 años y más; Ciudad Bolívar;26.2;2355;342346;103,6;15,05%
2023;Mortalidad, naturales;Adultos de 30 años y más; Ciudad Bolívar;27.2;2130;333450;100,3;15,71%
2021;Mortalidad, naturales;Adultos de 30 años y más; Ciudad Bolívar;28.3;2315;316849;119,9;16,42%
2019;Mortalidad, naturales;Adultos de 30 años y más; Ciudad Bolívar;29;1968;298364;111,2;16,87%
2023;Mortalidad, ACV;Adultos 25 - 95 años y más; Usaquén;12.1;97;425959;1,4;12,83%
2020;Mortalidad, ACV;Adultos 25 - 95 años y más; San Cristóbal;12.7;64;243817;2,5;14,34%
2021;Mortalidad, ACV;Adultos 25 - 95 años y más; Suba;12.7;229;840941;2,4;14,18%
2018;Mortalidad, ACV;Adultos 25 - 95 años y más; San Cristóbal;12.8;87;231083;3,5;14,52%
2019;Mortalidad, ACV;Adultos 25 - 95 años y más; San Cristóbal;12.9;92;237671;2,5;14,66%
2018;Mortalidad, ACV;Adultos 25 - 95 años y más; Engativá;12.9;151;524777;2,5;14,48%
2023;Mortalidad, ACV;Adultos 25 - 95 años y más; San Cristóbal;13;97;257327;2,7;14,69%
2024;Mortalidad, ACV;Adultos 25 - 95 años y más; San Cristóbal;13.3;90;261248;2,7;15,09%
2022;Mortalidad, ACV;Adultos 25 - 95 años y más; Usaquén;13.4;109;416900;1,9;14,78%
2021;Mortalidad, ACV;Adultos 25 - 95 años y más; San Cristóbal;13.5;95;248888;3,2;15,52%
2018;Mortalidad, ACV;Adultos 25 - 95 años y más; Usaquén;13.5;97;371683;2,2;15,09%
2023;Mortalidad, ACV;Adultos 25 - 95 años y más; Suba;13.7;204;893769;1,9;15,52%
2019;Mortalidad, ACV;Adultos 25 - 95 años y más; Barrios Unidos;13.7;37;97541;1;15,67%
2019;Mortalidad, ACV;Adultos 25 - 95 años y más; Usaquén;13.8;99;385249;2,1;15,48%
2020;Mortalidad, ACV;Adultos 25 - 95 años y más; Usaquén;13.8;71;398360;2;15,45%
2018;Mortalidad, ACV;Adultos 25 - 95 años y más; Barrios Unidos;14.5;41;92853;3,2;16,36%
2024;Mortalidad, ACV;Adultos 25 - 95 años y más; Usaquén;14.6;134;435412;2,8;16,33%
2022;Mortalidad, ACV;Adultos 25 - 95 años y más; San Cristóbal;14.7;88;253402;3,9;17,16%
2020;Mortalidad, ACV;Adultos 25 - 95 años y más; Suba;14.7;157;812394;2,2;17,09%
2018;Mortalidad, ACV;Adultos 25 - 95 años y más; Fontibón;14.8;54;240288;1,2;17,29%
2019;Mortalidad, ACV;Adultos 25 - 95 años y más; Suba;14.8;198;779703;2,3;17,28%
2024;Mortalidad, ACV;Adultos 25 - 95 años y más; Barrios Unidos;14.9;43;115188;2,6;17,04%
2018;Mortalidad, ACV;Adultos 25 - 95 años y más; Suba;15;169;745051;2,4;17,62%
2022;Mortalidad, ACV;Adultos 25 - 95 años y más; Suba;15.1;222;867681;2,5;17,52%
2018;Mortalidad, ACV;Adultos 25 - 95 años y más; Teusaquillo;15.3;37;107284;1,9;17,40%
2024;Mortalidad, ACV;Adultos 25 - 95 años y más; Suba;15.5;217;919639;2,4;17,92%
2021;Mortalidad, ACV;Adultos 25 - 95 años y más; Engativá;15.9;174;561115;2,9;18,56%
2019;Mortalidad, ACV;Adultos 25 - 95 años y más; Usme;16;64;213277;2,8;19,37%
2023;Mortalidad, ACV;Adultos 25 - 95 años y más; Engativá;16.1;191;580787;3,1;18,69%
2019;Mortalidad, ACV;Adultos 25 - 95 años y más; Engativá;16.2;173;537968;3,3;19,00%
2021;Mortalidad, ACV;Adultos 25 - 95 años y más; Los Mártires;16.2;33;55513;3,6;19,54%
2023;Mortalidad, ACV;Adultos 25 - 95 años y más; Fontibón;16.7;60;283443;2,5;19,55%
2023;Mortalidad, ACV;Adultos 25 - 95 años y más; Puente Aranda;16.8;63;183840;3,3;19,37%
2018;Mortalidad, ACV;Adultos 25 - 95 años y más; Usme;17;52;203967;2,9;20,70%
2022;Mortalidad, ACV;Adultos 25 - 95 años y más; Antonio Nariño;17.3;18;55827;3,6;20,13%
2019;Mortalidad, ACV;Adultos 25 - 95 años y más; Antonio Nariño;17.4;25;53621;1,9;20,14%
2020;Mortalidad, ACV;Adultos 25 - 95 años y más; Engativá;17.4;100;551065;2,4;20,47%
2021;Mortalidad, ACV;Adultos 25 - 95 años y más; Fontibón;17.7;59;268759;3;20,94%
2019;Mortalidad, ACV;Adultos 25 - 95 años y más; Fontibón;17.9;63;250765;2,8;22,07%
2021;Mortalidad, ACV;Adultos 25 - 95 años y más; Antonio Nariño;17.9;20;55157;1,8;20,94%
2024;Mortalidad, ACV;Adultos 25 - 95 años y más; Puente Aranda;18.1;57;186622;3,2;20,89%
2022;Mortalidad, ACV;Adultos 25 - 95 años y más; Bosa;18.1;117;446251;3,6;22,03%
2024;Mortalidad, ACV;Adultos 25 - 95 años y más; Engativá;18.1;191;591301;3,7;21,09%
2021;Mortalidad, ACV;Adultos 25 - 95 años y más; Puente Aranda;18.4;57;177239;3,4;21,40%
2020;Mortalidad, ACV;Adultos 25 - 95 años y más; Rafael Uribe Uribe;18.4;70;238955;4,2;21,93%
2020;Mortalidad, ACV;Adultos 25 - 95 años y más; Puente Aranda;18.7;39;173472;2,9;21,74%
2022;Mortalidad, ACV;Adultos 25 - 95 años y más; Puente Aranda;18.7;66;180797;4,4;21,66%
2024;Mortalidad, ACV;Adultos 25 - 95 años y más; Fontibón;18.8;72;289653;2,8;22,02%
2018;Mortalidad, ACV;Adultos 25 - 95 años y más; Puente Aranda;18.9;57;163698;3,7;22,00%
2019;Mortalidad, ACV;Adultos 25 - 95 años y más; Puente Aranda;18.9;58;168749;3,6;21,99%
2022;Mortalidad, ACV;Adultos 25 - 95 años y más; Teusaquillo;19;40;129438;3,1;21,98%
2022;Mortalidad, ACV;Adultos 25 - 95 años y más; Barrios Unidos;19.1;37;108951;2,8;22,16%
2022;Mortalidad, ACV;Adultos 25 - 95 años y más; Fontibón;19.1;53;276398;1,8;22,49%
2022;Mortalidad, ACV;Adultos 25 - 95 años y más; Engativá;19.2;184;571102;4,2;22,46%
2023;Mortalidad, ACV;Adultos 25 - 95 años y más; Rafael Uribe Uribe;19.3;97;252529;5,9;22,79%
2024;Mortalidad, ACV;Adultos 25 - 95 años y más; Rafael Uribe Uribe;19.3;93;256370;4,3;22,73%
2021;Mortalidad, ACV;Adultos 25 - 95 años y más; Rafael Uribe Uribe;19.5;99;244095;5,3;23,17%
2020;Mortalidad, ACV;Adultos 25 - 95 años y más; Fontibón;19.5;46;260614;2,7;23,06%
2019;Mortalidad, ACV;Adultos 25 - 95 años y más; Rafael Uribe Uribe;19.7;85;232216;5,2;23,44%
2018;Mortalidad, ACV;Adultos 25 - 95 años y más; Rafael Uribe Uribe;20.1;76;224845;4;23,90%
2024;Mortalidad, ACV;Adultos 25 - 95 años y más; Bosa;20.1;135;466522;4,5;24,21%
2023;Mortalidad, ACV;Adultos 25 - 95 años y más; Kennedy;20.2;218;700641;4,7;23,85%
2022;Mortalidad, ACV;Adultos 25 - 95 años y más; Rafael Uribe Uribe;20.4;84;248630;4,8;24,08%
2024;Mortalidad, ACV;Adultos 25 - 95 años y más; Kennedy;20.4;220;715046;4,8;24,00%
2021;Mortalidad, ACV;Adultos 25 - 95 años y más; Bosa;20.6;102;438888;3,4;24,71%
2022;Mortalidad, ACV;Adultos 25 - 95 años y más; Kennedy;20.7;175;687660;3,8;24,48%
2020;Mortalidad, ACV;Adultos 25 - 95 años y más; Tunjuelito;21.6;26;113973;2,6;25,37%
2018;Mortalidad, ACV;Adultos 25 - 95 años y más; Bosa;21.7;92;398986;4;26,32%
2020;Mortalidad, ACV;Adultos 25 - 95 años y más; Kennedy;21.7;133;662958;3,8;25,69%
2020;Mortalidad, ACV;Adultos 25 - 95 años y más; Bosa;21.8;85;425244;3,5;26,34%
2023;Mortalidad, ACV;Adultos 25 - 95 años y más; Bosa;21.8;129;455950;4,4;26,12%
2021;Mortalidad, ACV;Adultos 25 - 95 años y más; Kennedy;21.9;193;675316;5;25,83%
2018;Mortalidad, ACV;Adultos 25 - 95 años y más; Kennedy;22.5;163;635526;4,1;26,65%
2021;Mortalidad, ACV;Adultos 25 - 95 años y más; Tunjuelito;23.2;45;115818;6;27,03%
2024;Mortalidad, ACV;Adultos 25 - 95 años y más; Tunjuelito;23.2;59;120755;9,9;26,87%
2019;Mortalidad, ACV;Adultos 25 - 95 años y más; Kennedy;23.2;187;648637;4,8;27,27%
2018;Mortalidad, ACV;Adultos 25 - 95 años y más; Tunjuelito;23.9;34;107757;5,6;27,59%
2023;Mortalidad, ACV;Adultos 25 - 95 años y más; Tunjuelito;24.3;34;119128;5;27,94%
2022;Mortalidad, ACV;Adultos 25 - 95 años y más; Tunjuelito;24.4;45;117603;6,8;28,08%
2020;Mortalidad, ACV;Adultos 25 - 95 años y más; Ciudad Bolívar;24.5;95;370393;4,9;28,94%
2019;Mortalidad, ACV;Adultos 25 - 95 años y más; Tunjuelito;24.8;41;111223;6,3;29,19%
2019;Mortalidad, ACV;Adultos 25 - 95 años y más; Bosa;25.1;115;412169;5,3;29,66%
2018;Mortalidad, ACV;Adultos 25 - 95 años y más; Ciudad Bolívar;25.3;113;345987;6,6;29,77%
2024;Mortalidad, ACV;Adultos 25 - 95 años y más; Ciudad Bolívar;26.2;161;405862;7,4;30,19%
2023;Mortalidad, ACV;Adultos 25 - 95 años y más; Ciudad Bolívar;27.2;128;397693;6,3;31,15%
2021;Mortalidad, ACV;Adultos 25 - 95 años y más; Ciudad Bolívar;28.3;128;380673;7,1;32,27%
2019;Mortalidad, ACV;Adultos 25 - 95 años y más; Ciudad Bolívar;29;105;358577;7;19,55%
2021;Mortalidad, EIC;Adultos 25 - 95 años y más; Chapinero;11.9;136;128971;6,2;12,49%
2023;Mortalidad, EIC;Adultos 25 - 95 años y más; Usaquén;12.1;432;425959;5,9;11,95%
2021;Mortalidad, EIC;Adultos 25 - 95 años y más; La Candelaria;12.7;38;11970;8,4;13,27%
2020;Mortalidad, EIC;Adultos 25 - 95 años y más; San Cristóbal;12.7;259;243817;7,8;13,33%
2021;Mortalidad, EIC;Adultos 25 - 95 años y más; Suba;12.7;981;840941;8,6;13,51%
2021;Mortalidad, EIC;Adultos 25 - 95 años y más; Barrios Unidos;12.8;184;105437;13,3;13,49%
2023;Mortalidad, EIC;Adultos 25 - 95 años y más; Chapinero;12.8;119;135408;5,9;13,30%
2018;Mortalidad, EIC;Adultos 25 - 95 años y más; San Cristóbal;12.8;299;231083;8,7;13,49%
2019;Mortalidad, EIC;Adultos 25 - 95 años y más; San Cristóbal;12.9;282;237671;8;13,62%
2018;Mortalidad, EIC;Adultos 25 - 95 años y más; Engativá;12.9;685;524777;8,6;13,46%
2023;Mortalidad, EIC;Adultos 25 - 95 años y más; San Cristóbal;13;262;257327;6,6;13,64%
2023;Mortalidad, EIC;Adultos 25 - 95 años y más; Los Mártires;13;105;56764;14,1;13,95%
2021;Mortalidad, EIC;Adultos 25 - 95 años y más; Santa Fe;13;138;69525;15,8;14,22%
2023;Mortalidad, EIC;Adultos 25 - 95 años y más; Santa Fe;13;97;70208;10;13,89%
2018;Mortalidad, EIC;Adultos 25 - 95 años y más; Chapinero;13.3;124;113551;6,2;14,07%
2020;Mortalidad, EIC;Adultos 25 - 95 años y más; Chapinero;13.3;74;125373;3,2;14,08%
2024;Mortalidad, EIC;Adultos 25 - 95 años y más; San Cristóbal;13.3;264;261248;6,9;14,01%
2020;Mortalidad, EIC;Adultos 25 - 95 años y más; Barrios Unidos;13.4;106;101965;7,9;13,86%
2022;Mortalidad, EIC;Adultos 25 - 95 años y más; Usaquén;13.4;477;416900;7,4;13,72%
2019;Mortalidad, EIC;Adultos 25 - 95 años y más; Santa Fe;13.4;97;67453;10,4;14,33%
2021;Mortalidad, EIC;Adultos 25 - 95 años y más; San Cristóbal;13.5;372;248888;12,9;14,70%
2018;Mortalidad, EIC;Adultos 25 - 95 años y más; Usaquén;13.5;436;371683;7,3;14,00%
2023;Mortalidad, EIC;Adultos 25 - 95 años y más; Barrios Unidos;13.6;168;112142;10,7;14,12%
2019;Mortalidad, EIC;Adultos 25 - 95 años y más; Chapinero;13.6;116;119497;5;14,47%
2023;Mortalidad, EIC;Adultos 25 - 95 años y más; Suba;13.7;802;893769;6,3;14,39%
2019;Mortalidad, EIC;Adultos 25 - 95 años y más; Barrios Unidos;13.7;155;97541;12,3;14,21%
2023;Mortalidad, EIC;Adultos 25 - 95 años y más; Teusaquillo;13.8;154;129592;6,9;14,32%
2019;Mortalidad, EIC;Adultos 25 - 95 años y más; Usaquén;13.8;441;385249;8,6;14,35%
2020;Mortalidad, EIC;Adultos 25 - 95 años y más; Usaquén;13.8;292;398360;5,3;14,32%
2018;Mortalidad, EIC;Adultos 25 - 95 años y más; Santa Fe;13.8;109;65793;12,2;14,78%
2020;Mortalidad, EIC;Adultos 25 - 95 años y más; Santa Fe;13.8;77;68924;7,3;14,91%
2018;Mortalidad, EIC;Adultos 25 - 95 años y más; Barrios Unidos;14.5;156;92853;12,9;15,14%
2024;Mortalidad, EIC;Adultos 25 - 95 años y más; Usaquén;14.6;458;435412;6,9;15,10%
2022;Mortalidad, EIC;Adultos 25 - 95 años y más; San Cristóbal;14.7;323;253402;10,7;15,86%
2020;Mortalidad, EIC;Adultos 25 - 95 años y más; Suba;14.7;556;812394;6;15,80%
2018;Mortalidad, EIC;Adultos 25 - 95 años y más; Fontibón;14.8;249;240288;8,3;15,98%
2019;Mortalidad, EIC;Adultos 25 - 95 años y más; Suba;14.8;751;779703;7,6;15,98%
2024;Mortalidad, EIC;Adultos 25 - 95 años y más; Barrios Unidos;14.9;154;115188;9,5;15,74%
2024;Mortalidad, EIC;Adultos 25 - 95 años y más; Chapinero;14.9;123;138104;5,8;15,94%
2018;Mortalidad, EIC;Adultos 25 - 95 años y más; Suba;15;757;745051;8,3;16,28%
2024;Mortalidad, EIC;Adultos 25 - 95 años y más; Los Mártires;15.1;99;57199;10,5;16,68%
2022;Mortalidad, EIC;Adultos 25 - 95 años y más; Suba;15.1;930;867681;8,5;16,18%
2019;Mortalidad, EIC;Adultos 25 - 95 años y más; Teusaquillo;15.2;168;114301;10,5;16,01%
2022;Mortalidad, EIC;Adultos 25 - 95 años y más; Santa Fe;15.2;116;69994;14,3;16,71%
2018;Mortalidad, EIC;Adultos 25 - 95 años y más; Teusaquillo;15.3;186;107284;14;16,06%
2021;Mortalidad, EIC;Adultos 25 - 95 años y más; Teusaquillo;15.3;192;128276;12,5;16,59%
2024;Mortalidad, EIC;Adultos 25 - 95 años y más; Teusaquillo;15.3;154;129495;10;16,13%
2019;Mortalidad, EIC;Adultos 25 - 95 años y más; Los Mártires;15.4;111;53956;13;16,72%
2024;Mortalidad, EIC;Adultos 25 - 95 años y más; Santa Fe;15.4;87;70517;8,5;16,97%
2024;Mortalidad, EIC;Adultos 25 - 95 años y más; Suba;15.5;801;919639;7,1;16,53%
2022;Mortalidad, EIC;Adultos 25 - 95 años y más; Los Mártires;15.6;118;56285;14,2;17,24%
2023;Mortalidad, EIC;Adultos 25 - 95 años y más; Antonio Nariño;15.6;97;56389;12,4;16,61%
2018;Mortalidad, EIC;Adultos 25 - 95 años y más; Los Mártires;15.7;126;47374;21,1;16,84%
2021;Mortalidad, EIC;Adultos 25 - 95 años y más; Engativá;15.9;855;561115;14,4;17,44%
2019;Mortalidad, EIC;Adultos 25 - 95 años y más; Usme;16;209;213277;9,8;17,85%
2020;Mortalidad, EIC;Adultos 25 - 95 años y más; Teusaquillo;16.1;113;121996;8,2;17,07%
2023;Mortalidad, EIC;Adultos 25 - 95 años y más; Engativá;16.1;730;580787;10,7;17,21%
2019;Mortalidad, EIC;Adultos 25 - 95 años y más; Engativá;16.2;656;537968;10,6;17,94%
2021;Mortalidad, EIC;Adultos 25 - 95 años y más; Los Mártires;16.2;141;55513;21,6;18,28%
2022;Mortalidad, EIC;Adultos 25 - 95 años y más; Chapinero;16.3;131;132434;9,1;17,66%
2020;Mortalidad, EIC;Adultos 25 - 95 años y más; Los Mártires;16.5;99;54849;16,4;18,16%
2023;Mortalidad, EIC;Adultos 25 - 95 años y más; Fontibón;16.7;287;283443;9,2;17,98%
2023;Mortalidad, EIC;Adultos 25 - 95 años y más; Puente Aranda;16.8;265;183840;14,1;17,80%
2024;Mortalidad, EIC;Adultos 25 - 95 años y más; Antonio Nariño;16.9;86;56888;12,3;18,08%
2018;Mortalidad, EIC;Adultos 25 - 95 años y más; Usme;17;211;203967;11,3;19,02%
2018;Mortalidad, EIC;Adultos 25 - 95 años y más; Antonio Nariño;17.2;108;52922;17;18,21%
2020;Mortalidad, EIC;Adultos 25 - 95 años y más; Antonio Nariño;17.3;78;54651;14,6;18,43%
2022;Mortalidad, EIC;Adultos 25 - 95 años y más; Antonio Nariño;17.3;103;55827;16,1;18,47%
2019;Mortalidad, EIC;Adultos 25 - 95 años y más; Antonio Nariño;17.4;93;53621;18,6;18,49%
2020;Mortalidad, EIC;Adultos 25 - 95 años y más; Engativá;17.4;512;551065;10,2;18,78%
2021;Mortalidad, EIC;Adultos 25 - 95 años y más; Fontibón;17.7;304;268759;12,3;19,51%
2019;Mortalidad, EIC;Adultos 25 - 95 años y más; Fontibón;17.9;252;250765;10,4;19,46%
2021;Mortalidad, EIC;Adultos 25 - 95 años y más; Antonio Nariño;17.9;119;55157;25,4;19,53%
2024;Mortalidad, EIC;Adultos 25 - 95 años y más; Puente Aranda;18.1;244;186622;13,4;19,13%
2022;Mortalidad, EIC;Adultos 25 - 95 años y más; Bosa;18.1;499;446251;11,9;20,18%
2024;Mortalidad, EIC;Adultos 25 - 95 años y más; Engativá;18.1;692;591301;11;19,31%
2021;Mortalidad, EIC;Adultos 25 - 95 años y más; Puente Aranda;18.4;331;177239;19,2;19,91%
2020;Mortalidad, EIC;Adultos 25 - 95 años y más; Rafael Uribe Uribe;18.4;281;238955;14,7;20,06%
2020;Mortalidad, EIC;Adultos 25 - 95 años y más; Puente Aranda;18.7;167;173472;9,8;19,87%
2022;Mortalidad, EIC;Adultos 25 - 95 años y más; Puente Aranda;18.7;263;180797;15,5;19,80%
2024;Mortalidad, EIC;Adultos 25 - 95 años y más; Fontibón;18.8;274;289653;10;20,12%
2018;Mortalidad, EIC;Adultos 25 - 95 años y más; Puente Aranda;18.9;266;163698;15,9;20,10%
2019;Mortalidad, EIC;Adultos 25 - 95 años y más; Puente Aranda;18.9;235;168749;15,4;20,09%
2022;Mortalidad, EIC;Adultos 25 - 95 años y más; Teusaquillo;19;160;129438;10,8;20,08%
2022;Mortalidad, EIC;Adultos 25 - 95 años y más; Barrios Unidos;19.1;188;108951;16,5;20,23%
2022;Mortalidad, EIC;Adultos 25 - 95 años y más; Fontibón;19.1;305;276398;11,9;20,54%
2022;Mortalidad, EIC;Adultos 25 - 95 años y más; Engativá;19.2;761;571102;13,7;20,50%
2023;Mortalidad, EIC;Adultos 25 - 95 años y más; Rafael Uribe Uribe;19.3;301;252529;13,1;20,80%
2024;Mortalidad, EIC;Adultos 25 - 95 años y más; Rafael Uribe Uribe;19.3;282;256370;12,5;20,75%
2021;Mortalidad, EIC;Adultos 25 - 95 años y más; Rafael Uribe Uribe;19.5;414;244095;21,3;21,44%
2020;Mortalidad, EIC;Adultos 25 - 95 años y más; Fontibón;19.5;183;260614;8,4;21,03%
2019;Mortalidad, EIC;Adultos 25 - 95 años y más; Rafael Uribe Uribe;19.7;290;232216;15,1;21,33%
2018;Mortalidad, EIC;Adultos 25 - 95 años y más; Rafael Uribe Uribe;20.1;293;224845;16;21,77%
2024;Mortalidad, EIC;Adultos 25 - 95 años y más; Bosa;20.1;428;466522;11,6;22,06%
2023;Mortalidad, EIC;Adultos 25 - 95 años y más; Kennedy;20.2;707;700641;11,9;21,72%
2022;Mortalidad, EIC;Adultos 25 - 95 años y más; Rafael Uribe Uribe;20.4;361;248630;16,9;21,91%
2024;Mortalidad, EIC;Adultos 25 - 95 años y más; Kennedy;20.4;742;715046;12,2;21,84%
2021;Mortalidad, EIC;Adultos 25 - 95 años y más; Bosa;20.6;552;438888;17,3;22,74%
2022;Mortalidad, EIC;Adultos 25 - 95 años y más; Kennedy;20.7;861;687660;15,4;22,26%
2020;Mortalidad, EIC;Adultos 25 - 95 años y más; Tunjuelito;21.6;120;113973;13,2;23,01%
2018;Mortalidad, EIC;Adultos 25 - 95 años y más; Kennedy;21.7;299;398986;10,3;23,88%
2018;Mortalidad, EIC;Adultos 25 - 95 años y más; Bosa;21.7;299;398986;10,3;23,88%
2020;Mortalidad, EIC;Adultos 25 - 95 años y más; Kennedy;21.7;558;662958;12,2;23,29%
2020;Mortalidad, EIC;Adultos 25 - 95 años y más; Bosa;21.8;330;425244;11,3;23,89%
2023;Mortalidad, EIC;Adultos 25 - 95 años y más; Bosa;21.8;467;455950;13,4;23,68%
2021;Mortalidad, EIC;Adultos 25 - 95 años y más; Kennedy;21.9;928;675316;19,4;23,71%
2021;Mortalidad, EIC;Adultos 25 - 95 años y más; Tunjuelito;23.2;218;115818;26,8;24,69%
2024;Mortalidad, EIC;Adultos 25 - 95 años y más; Tunjuelito;23.2;163;120755;17,4;24,27%
2019;Mortalidad, EIC;Adultos 25 - 95 años y más; Kennedy;23.2;642;648637;13,6;24,63%
2018;Mortalidad, EIC;Adultos 25 - 95 años y más; Tunjuelito;23.9;140;107757;17,6;24,87%
2023;Mortalidad, EIC;Adultos 25 - 95 años y más; Tunjuelito;24.3;148;119128;16,8;25,16%
2022;Mortalidad, EIC;Adultos 25 - 95 años y más; Tunjuelito;24.4;167;117603;17;25,27%
2020;Mortalidad, EIC;Adultos 25 - 95 años y más; Ciudad Bolívar;24.5;359;370393;15,7;26,05%
2019;Mortalidad, EIC;Adultos 25 - 95 años y más; Tunjuelito;24.8;138;111223;17,1;25,59%
2019;Mortalidad, EIC;Adultos 25 - 95 años y más; Bosa;25.1;329;412169;12,6;26,66%
2018;Mortalidad, EIC;Adultos 25 - 95 años y más; Ciudad Bolívar;25.3;371;345987;16,8;26,75%
2024;Mortalidad, EIC;Adultos 25 - 95 años y más; Ciudad Bolívar;26.2;442;405862;16,8;27,06%
2023;Mortalidad, EIC;Adultos 25 - 95 años y más; Ciudad Bolívar;27.2;421;397693;16,6;27,84%
2021;Mortalidad, EIC;Adultos 25 - 95 años y más; Ciudad Bolívar;28.3;569;380673;25,5;29,00%
2019;Mortalidad, EIC;Adultos 25 - 95 años y más; Ciudad Bolívar;29;381;358577;18,1;19,55%
2021;Mortalidad, Ca pulmón;Adultos >= 25 años; Chapinero;11.9;21;128971;1,2;7,24%
2023;Mortalidad, Ca pulmón;Adultos >= 25 años; Usaquén;12.1;66;425959;1,1;7,42%
2023;Mortalidad, EPOC;Adultos >= 25 años; Usaquén;12.1;163;425959;2,6;6,76%
2020;Mortalidad, EPOC;Adultos >= 25 años; San Cristóbal;12.7;74;243817;2,2;7,27%
2020;Mortalidad, Ca pulmón;Adultos >= 25 años; San Cristóbal;12.7;31;243817;1;7,95%
2021;Mortalidad, EPOC;Adultos >= 25 años; Suba;12.7;241;840941;1,5;5,39%
2021;Mortalidad, Ca pulmón;Adultos >= 25 años; Suba;12.7;91;840941;0,9;7,95%
2021;Mortalidad, Ca pulmón;Adultos >= 25 años; Barrios Unidos;12.8;12;105437;0,9;8,04%
2021;Mortalidad, EPOC;Adultos >= 25 años; Barrios Unidos;12.8;43;105437;2,2;5,48%
2023;Mortalidad, EPOC;Adultos >= 25 años; Chapinero;12.8;35;135408;1,9;7,36%
2023;Mortalidad, Ca pulmón;Adultos >= 25 años; Chapinero;12.8;20;135408;1,2;8,04%
2018;Mortalidad, Ca pulmón;Adultos >= 25 años; San Cristóbal;12.8;30;231083;1;8,04%
2018;Mortalidad, EPOC;Adultos >= 25 años; San Cristóbal;12.8;148;231083;4,7;7,36%
2018;Mortalidad, EPOC;Adultos >= 25 años; La Candelaria;12.9;13;11240;8,6;7,45%
2019;Mortalidad, EPOC;Adultos >= 25 años; La Candelaria;12.9;11;11486;7,1;7,45%
2019;Mortalidad, EPOC;Adultos >= 25 años; San Cristóbal;12.9;157;237671;4,9;7,45%
2019;Mortalidad, Ca pulmón;Adultos >= 25 años; San Cristóbal;12.9;27;237671;0,9;8,13%
2018;Mortalidad, Ca pulmón;Adultos >= 25 años; Engativá;12.9;75;524777;1,2;8,13%
2018;Mortalidad, EPOC;Adultos >= 25 años; Engativá;12.9;245;524777;3,5;7,45%
2023;Mortalidad, Ca pulmón;Adultos >= 25 años; San Cristóbal;13;36;257327;1,1;8,21%
2023;Mortalidad, EPOC;Adultos >= 25 años; San Cristóbal;13;123;257327;3,6;7,53%
2023;Mortalidad, EPOC;Adultos >= 25 años; Los Mártires;13;22;56764;2,9;7,53%
2023;Mortalidad, Ca pulmón;Adultos >= 25 años; Los Mártires;13;9;56764;1,3;8,21%
2021;Mortalidad, EPOC;Adultos >= 25 años; Santa Fe;13;26;69525;2,1;5,66%
2021;Mortalidad, Ca pulmón;Adultos >= 25 años; Santa Fe;13;12;69525;1,4;8,21%
2023;Mortalidad, Ca pulmón;Adultos >= 25 años; Santa Fe;13;19;70208;2,2;8,21%
2023;Mortalidad, EPOC;Adultos >= 25 años; Santa Fe;13;48;70208;5,1;7,53%
2018;Mortalidad, Ca pulmón;Adultos >= 25 años; Chapinero;13.3;20;113551;1,5;8,47%
2018;Mortalidad, EPOC;Adultos >= 25 años; Chapinero;13.3;46;113551;3,2;7,79%
2020;Mortalidad, Ca pulmón;Adultos >= 25 años; Chapinero;13.3;11;125373;0,7;8,47%
2020;Mortalidad, EPOC;Adultos >= 25 años; Chapinero;13.3;26;125373;1,6;7,79%
2024;Mortalidad, EPOC;Adultos >= 25 años; San Cristóbal;13.3;138;261248;4,1;7,79%
2024;Mortalidad, Ca pulmón;Adultos >= 25 años; San Cristóbal;13.3;37;261248;1,2;8,47%
2020;Mortalidad, Ca pulmón;Adultos >= 25 años; Barrios Unidos;13.4;14;101965;1,2;8,56%
2020;Mortalidad, EPOC;Adultos >= 25 años; Barrios Unidos;13.4;20;101965;1,5;7,87%
2022;Mortalidad, Ca pulmón;Adultos >= 25 años; Usaquén;13.4;57;416900;1,2;8,56%
2022;Mortalidad, EPOC;Adultos >= 25 años; Usaquén;13.4;147;416900;2,8;7,87%
2019;Mortalidad, EPOC;Adultos >= 25 años; Santa Fe;13.4;54;67453;6,3;7,87%
2021;Mortalidad, EPOC;Adultos >= 25 años; San Cristóbal;13.5;84;248888;1,9;5,66%
2021;Mortalidad, Ca pulmón;Adultos >= 25 años; San Cristóbal;13.5;36;248888;1,2;8,64%
2018;Mortalidad, Ca pulmón;Adultos >= 25 años; Usaquén;13.5;69;371683;1,6;8,64%
2018;Mortalidad, EPOC;Adultos >= 25 años; Usaquén;13.5;149;371683;3,2;7,95%
2023;Mortalidad, Ca pulmón;Adultos >= 25 años; Barrios Unidos;13.6;21;112142;1,6;8,73%
2023;Mortalidad, EPOC;Adultos >= 25 años; Barrios Unidos;13.6;64;112142;4,6;8,04%
2019;Mortalidad, Ca pulmón;Adultos >= 25 años; Chapinero;13.6;18;119497;1,3;8,73%
2019;Mortalidad, EPOC;Adultos >= 25 años; Chapinero;13.6;54;119497;3,6;8,04%
2023;Mortalidad, Ca pulmón;Adultos >= 25 años; Suba;13.7;113;893769;1,1;8,81%
2023;Mortalidad, EPOC;Adultos >= 25 años; Suba;13.7;274;893769;2,5;8,12%
2019;Mortalidad, EPOC;Adultos >= 25 años; Barrios Unidos;13.7;70;97541;5,8;8,12%
2019;Mortalidad, Ca pulmón;Adultos >= 25 años; Barrios Unidos;13.7;16;97541;1,4;8,81%
2023;Mortalidad, Ca pulmón;Adultos >= 25 años; Teusaquillo;13.8;8;129592;0,5;8,90%
2023;Mortalidad, EPOC;Adultos >= 25 años; Teusaquillo;13.8;36;129592;2,3;8,20%
2019;Mortalidad, Ca pulmón;Adultos >= 25 años; Usaquén;13.8;60;385249;1,4;8,90%
2019;Mortalidad, EPOC;Adultos >= 25 años; Usaquén;13.8;149;385249;3,2;8,20%
2020;Mortalidad, Ca pulmón;Adultos >= 25 años; Usaquén;13.8;53;398360;1,2;8,90%
2020;Mortalidad, EPOC;Adultos >= 25 años; Usaquén;13.8;71;398360;1,5;8,20%
2018;Mortalidad, Ca pulmón;Adultos >= 25 años; Santa Fe;13.8;20;65793;2,7;8,90%
2018;Mortalidad, EPOC;Adultos >= 25 años; Santa Fe;13.8;51;65793;6,4;8,20%
2020;Mortalidad, EPOC;Adultos >= 25 años; Santa Fe;13.8;15;68924;1,8;8,20%
2018;Mortalidad, EPOC;Adultos >= 25 años; Barrios Unidos;14.5;53;92853;5;8,78%
2018;Mortalidad, Ca pulmón;Adultos >= 25 años; Barrios Unidos;14.5;18;92853;1,8;9,48%
2024;Mortalidad, EPOC;Adultos >= 25 años; Usaquén;14.6;158;435412;3,2;8,87%
2024;Mortalidad, Ca pulmón;Adultos >= 25 años; Usaquén;14.6;77;435412;1,7;9,56%
2022;Mortalidad, EPOC;Adultos >= 25 años; San Cristóbal;14.7;118;253402;4,2;8,95%
2022;Mortalidad, Ca pulmón;Adultos >= 25 años; San Cristóbal;14.7;35;253402;1,3;9,64%
2020;Mortalidad, Ca pulmón;Adultos >= 25 años; Suba;14.7;79;812394;0,9;9,64%
2020;Mortalidad, EPOC;Adultos >= 25 años; Suba;14.7;137;812394;1,5;8,95%
2024;Mortalidad, EPOC;Adultos >= 25 años; La Candelaria;14.8;8;12696;5,7;9,03%
2018;Mortalidad, Ca pulmón;Adultos >= 25 años; Fontibón;14.8;36;240288;1,5;9,73%
2018;Mortalidad, EPOC;Adultos >= 25 años; Fontibón;14.8;84;240288;3,2;9,03%
2019;Mortalidad, EPOC;Adultos >= 25 años; Suba;14.8;338;779703;3,9;9,03%
2019;Mortalidad, Ca pulmón;Adultos >= 25 años; Suba;14.8;92;779703;1,1;9,73%
2024;Mortalidad, Ca pulmón;Adultos >= 25 años; Barrios Unidos;14.9;21;115188;1,8;9,81%
2024;Mortalidad, EPOC;Adultos >= 25 años; Barrios Unidos;14.9;60;115188;4,7;9,11%
2024;Mortalidad, EPOC;Adultos >= 25 años; Chapinero;14.9;34;138104;2,2;9,11%
2024;Mortalidad, Ca pulmón;Adultos >= 25 años; Chapinero;14.9;19;138104;1,3;9,81%
2022;Mortalidad, EPOC;Adultos >= 25 años; La Candelaria;15;10;12212;7,5;9,19%
2018;Mortalidad, EPOC;Adultos >= 25 años; Suba;15;258;745051;3,2;9,19%
2018;Mortalidad, Ca pulmón;Adultos >= 25 años; Suba;15;99;745051;1,3;9,89%
2024;Mortalidad, Ca pulmón;Adultos >= 25 años; Los Mártires;15.1;8;57199;1,4;9,97%
2024;Mortalidad, EPOC;Adultos >= 25 años; Los Mártires;15.1;37;57199;6;9,27%
2022;Mortalidad, Ca pulmón;Adultos >= 25 años; Suba;15.1;93;867681;1,1;9,97%
2022;Mortalidad, EPOC;Adultos >= 25 años; Suba;15.1;292;867681;3,1;9,27%
2019;Mortalidad, Ca pulmón;Adultos >= 25 años; Teusaquillo;15.2;28;114301;2,5;10,05%
2019;Mortalidad, EPOC;Adultos >= 25 años; Teusaquillo;15.2;66;114301;5,4;9,35%
2022;Mortalidad, Ca pulmón;Adultos >= 25 años; Santa Fe;15.2;11;69994;1,6;10,05%
2022;Mortalidad, EPOC;Adultos >= 25 años; Santa Fe;15.2;41;69994;5,5;9,35%
2018;Mortalidad, EPOC;Adultos >= 25 años; Teusaquillo;15.3;68;107284;6;9,43%
2018;Mortalidad, Ca pulmón;Adultos >= 25 años; Teusaquillo;15.3;29;107284;2,7;10,13%
2021;Mortalidad, Ca pulmón;Adultos >= 25 años; Teusaquillo;15.3;19;128276;1,5;10,13%
2021;Mortalidad, EPOC;Adultos >= 25 años; Teusaquillo;15.3;29;128276;1,5;6,80%
2024;Mortalidad, Ca pulmón;Adultos >= 25 años; Teusaquillo;15.3;16;129495;1,3;10,13%
2024;Mortalidad, EPOC;Adultos >= 25 años; Teusaquillo;15.3;44;129495;3,2;9,43%
2019;Mortalidad, Ca pulmón;Adultos >= 25 años; Los Mártires;15.4;13;53956;2,5;10,21%
2019;Mortalidad, EPOC;Adultos >= 25 años; Los Mártires;15.4;50;53956;8,8;9,51%
2024;Mortalidad, Ca pulmón;Adultos >= 25 años; Santa Fe;15.4;14;70517;2;10,21%
2024;Mortalidad, EPOC;Adultos >= 25 años; Santa Fe;15.4;39;70517;5,3;9,51%
2024;Mortalidad, EPOC;Adultos >= 25 años; Suba;15.5;327;919639;3,4;9,59%
2024;Mortalidad, Ca pulmón;Adultos >= 25 años; Suba;15.5;124;919639;1,4;10,29%
2022;Mortalidad, EPOC;Adultos >= 25 años; Los Mártires;15.6;37;56285;6,4;9,67%
2022;Mortalidad, Ca pulmón;Adultos >= 25 años; Los Mártires;15.6;10;56285;1,8;10,36%
2023;Mortalidad, Ca pulmón;Adultos >= 25 años; Antonio Nariño;15.6;10;56389;1,8;10,36%
2023;Mortalidad, EPOC;Adultos >= 25 años; Antonio Nariño;15.6;25;56389;4,3;9,67%
2018;Mortalidad, Ca pulmón;Adultos >= 25 años; Los Mártires;15.7;9;47374;2;10,44%
2018;Mortalidad, EPOC;Adultos >= 25 años; Los Mártires;15.7;43;47374;8,9;9,75%
2021;Mortalidad, EPOC;Adultos >= 25 años; Engativá;15.9;209;561115;2,7;7,32%
2021;Mortalidad, Ca pulmón;Adultos >= 25 años; Engativá;15.9;83;561115;1,6;10,60%
2019;Mortalidad, EPOC;Adultos >= 25 años; Usme;16;96;213277;4,5;9,99%
2019;Mortalidad, Ca pulmón;Adultos >= 25 años; Usme;16;18;213277;0,9;10,68%
2020;Mortalidad, Ca pulmón;Adultos >= 25 años; Teusaquillo;16.1;16;121996;1,4;10,76%
2020;Mortalidad, EPOC;Adultos >= 25 años; Teusaquillo;16.1;27;121996;2,2;10,07%
2023;Mortalidad, EPOC;Adultos >= 25 años;TOTAL_BOGOTA_post_covid;16.1;2076;5354569;3,9;10,07%
2023;Mortalidad, Ca pulmón;Adultos >= 25 años;TOTAL_BOGOTA_post_covid;16.1;651;5354569;1,3;10,76%
2023;Mortalidad, EPOC;Adultos >= 25 años;TOTAL_BOGOTAU;16.1;2076;5367650;3,9;10,07%
2023;Mortalidad, Ca pulmón;Adultos >= 25 años;TOTAL_BOGOTAU;16.1;649;5367650;1,3;10,76%
2023;Mortalidad, EPOC;Adultos >= 25 años;TOTAL_BOGOTA;16.1;2076;5369896;3,9;10,07%
2023;Mortalidad, Ca pulmón;Adultos >= 25 años;TOTAL_BOGOTA;16.1;651;5369896;1,3;10,76%
2023;Mortalidad, Ca pulmón;Adultos >= 25 años; Engativá;16.1;68;580787;1,3;10,76%
2023;Mortalidad, EPOC;Adultos >= 25 años; Engativá;16.1;240;580787;4,2;10,07%
2019;Mortalidad, EPOC;Adultos >= 25 años; Engativá;16.2;332;537968;6,3;10,15%
2019;Mortalidad, Ca pulmón;Adultos >= 25 años; Engativá;16.2;65;537968;1,3;10,83%
2021;Mortalidad, EPOC;Adultos >= 25 años; Los Mártires;16.2;31;55513;4,1;7,41%
2021;Mortalidad, Ca pulmón;Adultos >= 25 años; Los Mártires;16.2;10;55513;2;10,83%
2022;Mortalidad, Ca pulmón;Adultos >= 25 años; Chapinero;16.3;11;132434;0,9;10,91%
2022;Mortalidad, EPOC;Adultos >= 25 años; Chapinero;16.3;41;132434;3,2;10,23%
2021;Mortalidad, EPOC;Adultos >= 25 años;TOTAL_BOGOTAU;16.4;1626;5143452;3,3;10,31%
2021;Mortalidad, Ca pulmón;Adultos >= 25 años;TOTAL_BOGOTAU;16.4;620;5143452;1,3;10,98%
2021;Mortalidad, Ca pulmón;Adultos >= 25 años;TOTAL_BOGOTA;16.4;621;5145518;1,3;10,98%
2021;Mortalidad, EPOC;Adultos >= 25 años;TOTAL_BOGOTA;16.4;1626;5145518;3,3;10,31%
2021;Mortalidad, Ca pulmón;Adultos >= 25 años;TOTAL_BOGOTA_post_covid;16.4;621;5167022;1,3;10,98%
2021;Mortalidad, EPOC;Adultos >= 25 años;TOTAL_BOGOTA_post_covid;16.4;1626;5167022;3,2;10,31%
2022;Mortalidad, Ca pulmón;Adultos >= 25 años;TOTAL_BOGOTAU;16.5;585;5258193;1,2;11,06%
2022;Mortalidad, EPOC;Adultos >= 25 años;TOTAL_BOGOTAU;16.5;2054;5258193;4,1;10,39%
2022;Mortalidad, Ca pulmón;Adultos >= 25 años;TOTAL_BOGOTA;16.5;586;5260361;1,2;11,06%
2022;Mortalidad, EPOC;Adultos >= 25 años;TOTAL_BOGOTA;16.5;2056;5260361;4,1;10,39%
2022;Mortalidad, Ca pulmón;Adultos >= 25 años;TOTAL_BOGOTA_post_covid;16.5;586;5268211;1,2;11,06%
2022;Mortalidad, EPOC;Adultos >= 25 años;TOTAL_BOGOTA_post_covid;16.5;2056;5268211;4,1;10,39%
2020;Mortalidad, Ca pulmón;Adultos >= 25 años; Los Mártires;16.5;11;54849;2,2;11,06%
2020;Mortalidad, EPOC;Adultos >= 25 años; Los Mártires;16.5;18;54849;3,4;10,39%
2023;Mortalidad, EPOC;Adultos >= 25 años; Fontibón;16.7;98;283443;3,6;10,54%
2023;Mortalidad, Ca pulmón;Adultos >= 25 años; Fontibón;16.7;32;283443;1,3;11,21%
2023;Mortalidad, Ca pulmón;Adultos >= 25 años; Puente Aranda;16.8;24;183840;1,5;11,29%
2023;Mortalidad, EPOC;Adultos >= 25 años; Puente Aranda;16.8;89;183840;5,1;10,62%
2024;Mortalidad, EPOC;Adultos >= 25 años;TOTAL_BOGOTA_post_covid;16.9;2383;5.428.673;4,7;10,70%
2024;Mortalidad, Ca pulmón;Adultos >= 25 años;TOTAL_BOGOTA_post_covid;16.9;723;5428673;1,5;11,36%
2024;Mortalidad, EPOC;Adultos >= 25 años;TOTAL_BOGOTAU;16.9;2383;5479036;4,7;10,70%
2024;Mortalidad, Ca pulmón;Adultos >= 25 años;TOTAL_BOGOTAU;16.9;723;5479036;1,5;11,36%
2024;Mortalidad, EPOC;Adultos >= 25 años;TOTAL_BOGOTA;16.9;2383;5481361;4,7;10,70%
2024;Mortalidad, Ca pulmón;Adultos >= 25 años;TOTAL_BOGOTA;16.9;723;5481361;1,5;11,36%
2024;Mortalidad, EPOC;Adultos >= 25 años; Antonio Nariño;16.9;44;56888;8,3;10,70%
2024;Mortalidad, Ca pulmón;Adultos >= 25 años; Antonio Nariño;16.9;9;56888;1,8;11,36%
2018;Mortalidad, EPOC;Adultos >= 25 años; Usme;17;93;203967;4,9;10,78%
2018;Mortalidad, Ca pulmón;Adultos >= 25 años; Usme;17;21;203967;1,2;11,44%
2018;Mortalidad, Ca pulmón;Adultos >= 25 años;TOTAL_BOGOTAU;17.18;668;4684665;1,7;11,59%
2018;Mortalidad, EPOC;Adultos >= 25 años;TOTAL_BOGOTAU;17.18;2209;4684665;5,2;10,93%
2018;Mortalidad, EPOC;Adultos >= 25 años;TOTAL_BOGOTA;17.18;2210;4686406;5,2;10,93%
2018;Mortalidad, Ca pulmón;Adultos >= 25 años;TOTAL_BOGOTA;17.18;668;4686406;1,7;11,59%
2018;Mortalidad, Ca pulmón;Adultos >= 25 años; Antonio Nariño;17.2;14;52922;3,1;11,59%
2018;Mortalidad, EPOC;Adultos >= 25 años; Antonio Nariño;17.2;41;52922;8,5;10,93%
2020;Mortalidad, EPOC;Adultos >= 25 años;TOTAL_BOGOTAU;17.25;1117;5012708;2,5;11,01%
2020;Mortalidad, Ca pulmón;Adultos >= 25 años;TOTAL_BOGOTAU;17.25;538;5012708;1,3;11,66%
2020;Mortalidad, EPOC;Adultos >= 25 años;TOTAL_BOGOTA;17.25;1117;5014676;2,5;11,01%
2020;Mortalidad, Ca pulmón;Adultos >= 25 años;TOTAL_BOGOTA;17.25;538;5014676;1,3;11,66%
2020;Mortalidad, Ca pulmón;Adultos >= 25 años;TOTAL_BOGOTA_post_covid;17.25;538;5034140;1,3;11,66%
2020;Mortalidad, EPOC;Adultos >= 25 años;TOTAL_BOGOTA_post_covid;17.25;1117;5034140;2,4;11,01%
2020;Mortalidad, Ca pulmón;Adultos >= 25 años; Antonio Nariño;17.3;10;54651;2,1;11,66%
2020;Mortalidad, EPOC;Adultos >= 25 años; Antonio Nariño;17.3;22;54651;4,4;11,01%
2022;Mortalidad, Ca pulmón;Adultos >= 25 años; Antonio Nariño;17.3;9;55827;1,9;11,66%
2022;Mortalidad, EPOC;Adultos >= 25 años; Antonio Nariño;17.3;31;55827;6,1;11,01%
2019;Mortalidad, EPOC;Adultos >= 25 años; Antonio Nariño;17.4;40;53621;8,3;11,08%
2019;Mortalidad, Ca pulmón;Adultos >= 25 años; Antonio Nariño;17.4;10;53621;2,2;11,73%
2020;Mortalidad, EPOC;Adultos >= 25 años; Engativá;17.4;137;551065;2,8;11,08%
2020;Mortalidad, Ca pulmón;Adultos >= 25 años; Engativá;17.4;59;551065;1,3;11,73%
2021;Mortalidad, EPOC;Adultos >= 25 años; Fontibón;17.7;70;268759;2,1;8,00%
2021;Mortalidad, Ca pulmón;Adultos >= 25 años; Fontibón;17.7;28;268759;1,2;11,95%
2019;Mortalidad, EPOC;Adultos >= 25 años; Fontibón;17.9;103;250765;4,7;11,46%
2019;Mortalidad, Ca pulmón;Adultos >= 25 años; Fontibón;17.9;29;250765;1,4;12,10%
2021;Mortalidad, EPOC;Adultos >= 25 años; Antonio Nariño;17.9;24;55157;3,6;8,17%
2021;Mortalidad, Ca pulmón;Adultos >= 25 años; Antonio Nariño;17.9;9;55157;2;12,10%
2024;Mortalidad, Ca pulmón;Adultos >= 25 años; Puente Aranda;18.1;34;186622;2,2;12,24%
2024;Mortalidad, EPOC;Adultos >= 25 años; Puente Aranda;18.1;101;186622;6,3;11,62%
2022;Mortalidad, Ca pulmón;Adultos >= 25 años; Bosa;18.1;42;446251;1,2;12,24%
2022;Mortalidad, EPOC;Adultos >= 25 años; Bosa;18.1;150;446251;3,9;11,62%
2024;Mortalidad, EPOC;Adultos >= 25 años; Engativá;18.1;277;591301;5,4;11,62%
2024;Mortalidad, Ca pulmón;Adultos >= 25 años; Engativá;18.1;85;591301;1,8;12,24%
2019;Mortalidad, Ca pulmón;Adultos >= 25 años;TOTAL_BOGOTAU;18.3;596;4854059;1,5;12,39%
2019;Mortalidad, EPOC;Adultos >= 25 años;TOTAL_BOGOTAU;18.3;2492;4854059;6;11,77%
2019;Mortalidad, EPOC;Adultos >= 25 años;TOTAL_BOGOTA;18.3;2492;4855923;6;11,77%
2019;Mortalidad, Ca pulmón;Adultos >= 25 años;TOTAL_BOGOTA;18.3;596;4855923;1,5;12,39%
2021;Mortalidad, Ca pulmón;Adultos >= 25 años; Puente Aranda;18.4;29;177239;2;12,46%
2021;Mortalidad, EPOC;Adultos >= 25 años; Puente Aranda;18.4;58;177239;2,7;8,26%
2020;Mortalidad, Ca pulmón;Adultos >= 25 años; Rafael Uribe Uribe;18.4;24;238955;1,3;12,46%
2020;Mortalidad, EPOC;Adultos >= 25 años; Rafael Uribe Uribe;18.4;81;238955;4;11,84%
2020;Mortalidad, Ca pulmón;Adultos >= 25 años; Puente Aranda;18.7;23;173472;1,7;12,67%
2020;Mortalidad, EPOC;Adultos >= 25 años; Puente Aranda;18.7;38;173472;2,6;12,07%
2022;Mortalidad, Ca pulmón;Adultos >= 25 años; Puente Aranda;18.7;18;180797;1,3;12,67%
2022;Mortalidad, EPOC;Adultos >= 25 años; Puente Aranda;18.7;91;180797;6,1;12,07%
2024;Mortalidad, EPOC;Adultos >= 25 años; Fontibón;18.8;123;289653;5,2;12,14%
2024;Mortalidad, Ca pulmón;Adultos >= 25 años; Fontibón;18.8;32;289653;1,4;12,74%
2018;Mortalidad, Ca pulmón;Adultos >= 25 años; Puente Aranda;18.9;30;163698;2,3;12,81%
2018;Mortalidad, EPOC;Adultos >= 25 años; Puente Aranda;18.9;120;163698;9;12,21%
2019;Mortalidad, Ca pulmón;Adultos >= 25 años; Puente Aranda;18.9;26;168749;2;12,81%
2019;Mortalidad, EPOC;Adultos >= 25 años; Puente Aranda;18.9;106;168749;7,7;12,21%
2022;Mortalidad, Ca pulmón;Adultos >= 25 años; Teusaquillo;19;17;129438;1,7;12,88%
2022;Mortalidad, EPOC;Adultos >= 25 años; Teusaquillo;19;40;129438;3,8;12,29%
2022;Mortalidad, Ca pulmón;Adultos >= 25 años; Barrios Unidos;19.1;18;108951;2,1;12,95%
2022;Mortalidad, EPOC;Adultos >= 25 años; Barrios Unidos;19.1;55;108951;6,2;12,36%
2022;Mortalidad, EPOC;Adultos >= 25 años; Fontibón;19.1;95;276398;4,3;12,36%
2022;Mortalidad, Ca pulmón;Adultos >= 25 años; Fontibón;19.1;25;276398;1,3;13,92%
2022;Mortalidad, Ca pulmón;Adultos >= 25 años; Engativá;19.2;69;571102;1,6;13,01%
2022;Mortalidad, EPOC;Adultos >= 25 años; Engativá;19.2;216;571102;4,7;12,44%
2023;Mortalidad, EPOC;Adultos >= 25 años; Rafael Uribe Uribe;19.3;113;252529;5,6;12,51%
2023;Mortalidad, Ca pulmón;Adultos >= 25 años; Rafael Uribe Uribe;19.3;33;252529;1,7;13,08%
2024;Mortalidad, Ca pulmón;Adultos >= 25 años; Rafael Uribe Uribe;19.3;37;256370;1,9;13,08%
2024;Mortalidad, EPOC;Adultos >= 25 años; Rafael Uribe Uribe;19.3;125;256370;6,1;12,51%
2021;Mortalidad, Ca pulmón;Adultos >= 25 años; Rafael Uribe Uribe;19.5;28;244095;1,5;13,22%
2021;Mortalidad, EPOC;Adultos >= 25 años; Rafael Uribe Uribe;19.5;105;244095;3,7;8,68%
2020;Mortalidad, Ca pulmón;Adultos >= 25 años; Fontibón;19.5;23;260614;1,2;13,22%
2020;Mortalidad, EPOC;Adultos >= 25 años; Fontibón;19.5;42;260614;2;12,66%
2019;Mortalidad, EPOC;Adultos >= 25 años; Rafael Uribe Uribe;19.7;138;232216;7,6;12,80%
2019;Mortalidad, Ca pulmón;Adultos >= 25 años; Rafael Uribe Uribe;19.7;27;232216;1,6;13,36%
2018;Mortalidad, Ca pulmón;Adultos >= 25 años; Rafael Uribe Uribe;20.1;26;224845;1,6;13,62%
2018;Mortalidad, EPOC;Adultos >= 25 años; Rafael Uribe Uribe;20.1;122;224845;7,1;13,09%
2024;Mortalidad, Ca pulmón;Adultos >= 25 años; Bosa;20.1;37;466522;1,1;13,62%
2024;Mortalidad, EPOC;Adultos >= 25 años; Bosa;20.1;171;466522;4,8;13,09%
2023;Mortalidad, Ca pulmón;Adultos >= 25 años; Kennedy;20.2;76;700641;1,5;13,69%
2023;Mortalidad, EPOC;Adultos >= 25 años; Kennedy;20.2;241;700641;4,5;13,16%
2022;Mortalidad, Ca pulmón;Adultos >= 25 años; Rafael Uribe Uribe;20.4;24;248630;1,3;13,82%
2022;Mortalidad, EPOC;Adultos >= 25 años; Rafael Uribe Uribe;20.4;109;248630;5,8;13,31%
2024;Mortalidad, Ca pulmón;Adultos >= 25 años; Kennedy;20.4;86;715046;1,7;13,82%
2024;Mortalidad, EPOC;Adultos >= 25 años; Kennedy;20.4;303;715046;5,6;13,31%
2021;Mortalidad, Ca pulmón;Adultos >= 25 años; Bosa;20.6;45;438888;1,4;13,95%
2021;Mortalidad, EPOC;Adultos >= 25 años; Bosa;20.6;115;438888;2,4;9,09%
2022;Mortalidad, Ca pulmón;Adultos >= 25 años; Kennedy;20.7;65;687660;1,3;14,02%
2022;Mortalidad, EPOC;Adultos >= 25 años; Kennedy;20.7;247;687660;4,9;13,52%
2020;Mortalidad, EPOC;Adultos >= 25 años; Tunjuelito;21.6;41;113973;5,1;14,16%
2020;Mortalidad, Ca pulmón;Adultos >= 25 años; Tunjuelito;21.6;12;113973;1,5;14,60%
2018;Mortalidad, EPOC;Adultos >= 25 años; Bosa;21.7;146;398986;5,2;14,23%
2018;Mortalidad, Ca pulmón;Adultos >= 25 años; Bosa;21.7;34;398986;1,2;14,66%
2020;Mortalidad, EPOC;Adultos >= 25 años; Kennedy;21.7;112;662958;2,4;14,23%
2020;Mortalidad, Ca pulmón;Adultos >= 25 años; Kennedy;21.7;66;662958;1,5;14,66%
2020;Mortalidad, Ca pulmón;Adultos >= 25 años; Bosa;21.8;41;425244;1,4;14,72%
2020;Mortalidad, EPOC;Adultos >= 25 años; Bosa;21.8;101;425244;3,4;14,30%
2023;Mortalidad, Ca pulmón;Adultos >= 25 años; Bosa;21.8;43;455950;1,4;14,72%
2023;Mortalidad, EPOC;Adultos >= 25 años; Bosa;21.8;128;455950;4;14,30%
2021;Mortalidad, EPOC;Adultos >= 25 años; Kennedy;21.9;187;675316;2,7;9,83%
2021;Mortalidad, Ca pulmón;Adultos >= 25 años; Kennedy;21.9;64;675316;1,4;14,78%
2018;Mortalidad, Ca pulmón;Adultos >= 25 años; Kennedy;22.5;83;635526;2;15,15%
2018;Mortalidad, EPOC;Adultos >= 25 años; Kennedy;22.5;269;635526;6,3;14,78%
2021;Mortalidad, EPOC;Adultos >= 25 años; Tunjuelito;23.2;52;115818;4,5;10,07%
2021;Mortalidad, Ca pulmón;Adultos >= 25 años; Tunjuelito;23.2;9;115818;1,2;15,58%
2024;Mortalidad, Ca pulmón;Adultos >= 25 años; Tunjuelito;23.2;14;120755;1,8;15,58%
2024;Mortalidad, EPOC;Adultos >= 25 años; Tunjuelito;23.2;74;120755;9,3;15,26%
2019;Mortalidad, EPOC;Adultos >= 25 años; Kennedy;23.2;277;648637;6,5;15,26%
2019;Mortalidad, Ca pulmón;Adultos >= 25 años; Kennedy;23.2;83;648637;2;15,58%
2018;Mortalidad, EPOC;Adultos >= 25 años; Tunjuelito;23.9;88;107757;12,8;15,72%
2018;Mortalidad, Ca pulmón;Adultos >= 25 años; Tunjuelito;23.9;18;107757;2,7;15,99%
2023;Mortalidad, Ca pulmón;Adultos >= 25 años; Tunjuelito;24.3;14;119128;1,9;16,22%
2023;Mortalidad, EPOC;Adultos >= 25 años; Tunjuelito;24.3;68;119128;9,1;15,99%
2022;Mortalidad, EPOC;Adultos >= 25 años; Tunjuelito;24.4;65;117603;8,9;16,05%
2022;Mortalidad, Ca pulmón;Adultos >= 25 años; Tunjuelito;24.4;9;117603;1,3;16,28%
2020;Mortalidad, EPOC;Adultos >= 25 años; Ciudad Bolívar;24.5;96;370393;4,2;16,12%
2020;Mortalidad, Ca pulmón;Adultos >= 25 años; Ciudad Bolívar;24.5;32;370393;1,4;16,33%
2019;Mortalidad, Ca pulmón;Adultos >= 25 años; Tunjuelito;24.8;18;111223;2,7;16,50%
2019;Mortalidad, EPOC;Adultos >= 25 años; Tunjuelito;24.8;76;111223;11,1;16,32%
2019;Mortalidad, Ca pulmón;Adultos >= 25 años; Bosa;25.1;27;412169;1,1;16,67%
2019;Mortalidad, EPOC;Adultos >= 25 años; Bosa;25.1;168;412169;6,7;16,51%
2018;Mortalidad, Ca pulmón;Adultos >= 25 años; Ciudad Bolívar;25.3;30;345987;1,5;16,78%
2018;Mortalidad, EPOC;Adultos >= 25 años; Ciudad Bolívar;25.3;159;345987;7,6;16,64%
2024;Mortalidad, EPOC;Adultos >= 25 años; Ciudad Bolívar;26.2;199;405862;8,4;17,22%
2024;Mortalidad, Ca pulmón;Adultos >= 25 años; Ciudad Bolívar;26.2;44;405862;1,9;17,27%
2023;Mortalidad, EPOC;Adultos >= 25 años; Ciudad Bolívar;27.2;192;397693;8,6;17,84%
2023;Mortalidad, Ca pulmón;Adultos >= 25 años; Ciudad Bolívar;27.2;35;397693;1,6;17,80%
2021;Mortalidad, EPOC;Adultos >= 25 años; Ciudad Bolívar;28.3;140;380673;4,5;12,28%
2021;Mortalidad, Ca pulmón;Adultos >= 25 años; Ciudad Bolívar;28.3;34;380673;1,6;18,36%
2019;Mortalidad, Ca pulmón;Adultos >= 25 años; Ciudad Bolívar;29;31;358577;1,6;18,70%
2019;Mortalidad, EPOC;Adultos >= 25 años; Ciudad Bolívar;29;197;358577;10,4;18,94%
2021;Mortalidad, enf resp;Adultos >= 30 años; Chapinero;11.9;72;110697;4,1;6,36%
2023;Mortalidad, enf resp;Adultos >= 30 años; Usaquén;12.1;269;374774;4,7;6,54%
2020;Mortalidad, enf resp;Adultos >= 30 años; San Cristóbal;12.7;127;206057;4,4;7,08%
2021;Mortalidad, enf resp;Adultos >= 30 años; Suba;12.7;433;720477;4,3;7,08%
2023;Mortalidad, enf resp;Adultos >= 30 años; Chapinero;12.8;64;117671;3,9;7,16%
2018;Mortalidad, enf resp;Adultos >= 30 años; San Cristóbal;12.8;241;196003;8,8;7,16%
2021;Mortalidad, enf resp;Adultos >= 30 años; Barrios Unidos;12.8;71;90960;5,6;7,16%
2019;Mortalidad, enf resp;Adultos >= 30 años; San Cristóbal;12.9;255;201121;9,2;7,25%
2018;Mortalidad, enf resp;Adultos >= 30 años; Engativá;12.9;435;448600;7;7,25%
2018;Mortalidad, enf resp;Adultos >= 30 años; La Candelaria;12.9;27;9618;20,4;7,25%
2023;Mortalidad, enf resp;Adultos >= 30 años; San Cristóbal;13;192;218494;6,5;7,34%
2023;Mortalidad, enf resp;Adultos >= 30 años; Los Mártires;13;53;47001;8,3;7,34%
2021;Mortalidad, enf resp;Adultos >= 30 años; Santa Fe;13;51;57784;6,5;7,34%
2023;Mortalidad, enf resp;Adultos >= 30 años; Santa Fe;13;80;58669;10;7,34%
2020;Mortalidad, enf resp;Adultos >= 30 años; Chapinero;13.3;48;107199;3,4;7,61%
2024;Mortalidad, enf resp;Adultos >= 30 años; San Cristóbal;13.3;208;222974;7,1;7,61%
2018;Mortalidad, enf resp;Adultos >= 30 años; Chapinero;13.3;96;96784;7,5;7,61%
2022;Mortalidad, enf resp;Adultos >= 30 años; Usaquén;13.4;253;365694;5,3;7,69%
2019;Mortalidad, enf resp;Adultos >= 30 años; Santa Fe;13.4;83;56569;11,3;7,69%
2020;Mortalidad, enf resp;Adultos >= 30 años; Barrios Unidos;13.4;43;88012;3,8;7,69%
2021;Mortalidad, enf resp;Adultos >= 30 años; San Cristóbal;13.5;159;210242;5,9;7,78%
2018;Mortalidad, enf resp;Adultos >= 30 años; Usaquén;13.5;279;324202;6,7;7,78%
2019;Mortalidad, enf resp;Adultos >= 30 años; Chapinero;13.6;89;102005;6,9;7,87%
2023;Mortalidad, enf resp;Adultos >= 30 años; Barrios Unidos;13.6;98;97221;7,9;7,87%
2023;Mortalidad, enf resp;Adultos >= 30 años; Suba;13.7;439;770770;4,5;7,96%
2019;Mortalidad, enf resp;Adultos >= 30 años; Barrios Unidos;13.7;124;84213;11,7;7,96%
2023;Mortalidad, enf resp;Adultos >= 30 años; Teusaquillo;13.8;75;113307;5,3;8,05%
2019;Mortalidad, enf resp;Adultos >= 30 años; Usaquén;13.8;269;336053;6,4;8,05%
2020;Mortalidad, enf resp;Adultos >= 30 años; Usaquén;13.8;118;347670;2,7;8,05%
2018;Mortalidad, enf resp;Adultos >= 30 años; Santa Fe;13.8;90;55577;13;8,05%
2020;Mortalidad, enf resp;Adultos >= 30 años; Santa Fe;13.8;40;57488;5,6;8,05%
2018;Mortalidad, enf resp;Adultos >= 30 años; Barrios Unidos;14.5;104;80401;11,2;8,66%
2024;Mortalidad, enf resp;Adultos >= 30 años; Usaquén;14.6;280;384647;6,4;8,74%
2022;Mortalidad, enf resp;Adultos >= 30 años; San Cristóbal;14.7;177;214562;7,9;9,63%
2020;Mortalidad, enf resp;Adultos >= 30 años; Suba;14.7;247;695357;3,1;8,83%
2018;Mortalidad, enf resp;Adultos >= 30 años; Fontibón;14.8;163;207202;7;8,92%
2019;Mortalidad, enf resp;Adultos >= 30 años; Suba;14.8;517;667272;6,9;8,92%
2024;Mortalidad, enf resp;Adultos >= 30 años; Barrios Unidos;14.9;94;100246;8,4;9,00%
2024;Mortalidad, enf resp;Adultos >= 30 años; Chapinero;14.9;57;120839;4,2;9,00%
2018;Mortalidad, enf resp;Adultos >= 30 años; Suba;15;454;637453;6,5;9,09%
2024;Mortalidad, enf resp;Adultos >= 30 años; Los Mártires;15.1;61;47703;11,7;9,18%
2022;Mortalidad, enf resp;Adultos >= 30 años; Suba;15.1;458;745691;5,6;9,18%
2022;Mortalidad, enf resp;Adultos >= 30 años; Santa Fe;15.2;62;58343;9,8;9,26%
2019;Mortalidad, enf resp;Adultos >= 30 años; Teusaquillo;15.2;122;99200;11,4;9,26%
2021;Mortalidad, enf resp;Adultos >= 30 años; Teusaquillo;15.3;64;111289;5,4;9,35%
2024;Mortalidad, enf resp;Adultos >= 30 años; Teusaquillo;15.3;81;113815;6,7;9,35%
2018;Mortalidad, enf resp;Adultos >= 30 años; Teusaquillo;15.3;111;93591;11,1;9,35%
2019;Mortalidad, enf resp;Adultos >= 30 años; Los Mártires;15.4;81;44860;17;9,44%
2024;Mortalidad, enf resp;Adultos >= 30 años; Santa Fe;15.4;67;59136;10,7;9,44%
2024;Mortalidad, enf resp;Adultos >= 30 años; Suba;15.5;532;797571;6,4;9,52%
2022;Mortalidad, enf resp;Adultos >= 30 años; Los Mártires;15.6;57;46396;11,8;9,61%
2023;Mortalidad, enf resp;Adultos >= 30 años; Antonio Nariño;15.6;58;48385;11,5;9,61%
2018;Mortalidad, enf resp;Adultos >= 30 años; Los Mártires;15.7;83;39908;20,2;9,70%
2021;Mortalidad, enf resp;Adultos >= 30 años; Engativá;15.9;380;480463;7,8;9,87%
2019;Mortalidad, enf resp;Adultos >= 30 años; Usme;16;163;177967;9,1;9,95%
2020;Mortalidad, enf resp;Adultos >= 30 años; Teusaquillo;16.1;54;105780;5,1;10,04%
2023;Mortalidad, enf resp;Adultos >= 30 años;TOTAL_BOGOTA_post_covid;16.1;3390;4556754;7,5;10,04%
2023;Mortalidad, enf resp;Adultos >= 30 años;TOTAL_BOGOTAU;16.1;3388;4598833;7,4;10,04%
2023;Mortalidad, enf resp;Adultos >= 30 años;TOTAL_BOGOTA;16.1;3390;4600799;7,4;10,04%
2023;Mortalidad, enf resp;Adultos >= 30 años; Engativá;16.1;381;501166;7,6;10,04%
2021;Mortalidad, enf resp;Adultos >= 30 años; Los Mártires;16.2;59;45581;13,1;10,12%
2019;Mortalidad, enf resp;Adultos >= 30 años; Engativá;16.2;512;459611;11,3;10,12%
2022;Mortalidad, enf resp;Adultos >= 30 años; Chapinero;16.3;64;114421;5,7;10,21%
2021;Mortalidad, enf resp;Adultos >= 30 años;TOTAL_BOGOTAU;16.4;3108;4379915;7,3;10,30%
2021;Mortalidad, enf resp;Adultos >= 30 años;TOTAL_BOGOTA;16.4;3109;4381710;7,3;10,30%
2021;Mortalidad, enf resp;Adultos >= 30 años;TOTAL_BOGOTA_post_covid;16.4;3109;4381932;7,3;10,30%
2022;Mortalidad, enf resp;Adultos >= 30 años;TOTAL_BOGOTA_post_covid;16.5;3291;4471525;7,6;10,38%
2022;Mortalidad, enf resp;Adultos >= 30 años;TOTAL_BOGOTAU;16.5;3289;4488685;7,6;10,38%
2022;Mortalidad, enf resp;Adultos >= 30 años;TOTAL_BOGOTA;16.5;3291;4490578;7,6;10,38%
2020;Mortalidad, enf resp;Adultos >= 30 años; Los Mártires;16.5;33;45231;7,6;10,38%
2023;Mortalidad, enf resp;Adultos >= 30 años; Fontibón;16.7;161;244616;6,9;10,55%
2023;Mortalidad, enf resp;Adultos >= 30 años; Puente Aranda;16.8;152;159090;10,2;10,64%
2024;Mortalidad, enf resp;Adultos >= 30 años;TOTAL_BOGOTAU;16.9;3832;4336734;9,5;10,72%
2024;Mortalidad, enf resp;Adultos >= 30 años;TOTAL_BOGOTA_post_covid;16.9;3832;4640295;8,9;10,72%
2024;Mortalidad, enf resp;Adultos >= 30 años;TOTAL_BOGOTA;16.9;3832;4721381;8,7;10,72%
2024;Mortalidad, enf resp;Adultos >= 30 años; Antonio Nariño;16.9;79;48970;17,3;10,72%
2018;Mortalidad, enf resp;Adultos >= 30 años; Usme;17;156;170388;9,9;10,81%
2018;Mortalidad, enf resp;Adultos >= 30 años;TOTAL_BOGOTAU;17.2;3893;3989531;10,7;10,98%
2018;Mortalidad, enf resp;Adultos >= 30 años;TOTAL_BOGOTA;17.2;3895;3991024;10,7;10,98%
2018;Mortalidad, enf resp;Adultos >= 30 años; Antonio Nariño;17.2;74;45911;17,7;10,98%
2020;Mortalidad, enf resp;Adultos >= 30 años;TOTAL_BOGOTA;17.25;2102;4265430;5,5;11,06%
2020;Mortalidad, enf resp;Adultos >= 30 años;TOTAL_BOGOTA_post_covid;17.25;2102;4270635;5,4;11,06%
2020;Mortalidad, enf resp;Adultos >= 30 años;TOTAL_BOGOTAU;17.3;2102;4263727;5,5;11,06%
2020;Mortalidad, enf resp;Adultos >= 30 años; Antonio Nariño;17.3;45;46939;10,6;11,06%
2022;Mortalidad, enf resp;Adultos >= 30 años; Antonio Nariño;17.3;55;47851;12,7;11,06%
2019;Mortalidad, enf resp;Adultos >= 30 años; Antonio Nariño;17.4;74;46237;17,8;11,15%
2020;Mortalidad, enf resp;Adultos >= 30 años; Engativá;17.4;243;471044;5,8;11,15%
2021;Mortalidad, enf resp;Adultos >= 30 años; Fontibón;17.7;145;230794;7,2;11,40%
2019;Mortalidad, enf resp;Adultos >= 30 años; Fontibón;17.9;180;215691;9,7;11,57%
2021;Mortalidad, enf resp;Adultos >= 30 años; Antonio Nariño;17.9;48;47165;11,8;11,57%
2024;Mortalidad, enf resp;Adultos >= 30 años; Puente Aranda;18.1;164;162365;11,9;11,74%
2022;Mortalidad, enf resp;Adultos >= 30 años; Bosa;18.1;250;373490;7,9;11,74%
2024;Mortalidad, enf resp;Adultos >= 30 años; Engativá;18.1;430;513101;9,8;11,74%
2019;Mortalidad, enf resp;Adultos >= 30 años;TOTAL_BOGOTAU;18.3;4121;4129860;11,9;11,91%
2019;Mortalidad, enf resp;Adultos >= 30 años;TOTAL_BOGOTA;18.3;4121;4131469;11,9;11,91%
2021;Mortalidad, enf resp;Adultos >= 30 años; Puente Aranda;18.4;123;152455;9,7;11,99%
2020;Mortalidad, enf resp;Adultos >= 30 años; Rafael Uribe Uribe;18.4;141;201953;8,4;11,99%
2020;Mortalidad, enf resp;Adultos >= 30 años; Puente Aranda;18.7;75;149158;6,2;12,24%
2022;Mortalidad, enf resp;Adultos >= 30 años; Puente Aranda;18.7;146;155906;11,5;12,24%
2024;Mortalidad, enf resp;Adultos >= 30 años; Fontibón;18.8;199;251085;9,8;12,32%
2018;Mortalidad, enf resp;Adultos >= 30 años; Puente Aranda;18.9;186;141040;16,4;12,41%
2019;Mortalidad, enf resp;Adultos >= 30 años; Puente Aranda;18.9;190;145125;16,2;12,41%
2022;Mortalidad, enf resp;Adultos >= 30 años; Teusaquillo;19;67;112727;7,4;12,49%
2022;Mortalidad, enf resp;Adultos >= 30 años; Fontibón;19.1;174;237788;9,2;12,57%
2022;Mortalidad, enf resp;Adultos >= 30 años; Barrios Unidos;19.1;79;94231;10,5;12,57%
2022;Mortalidad, enf resp;Adultos >= 30 años; Engativá;19.2;343;490607;8,9;12,66%
2023;Mortalidad, enf resp;Adultos >= 30 años; Rafael Uribe Uribe;19.3;175;215535;10,3;12,74%
2024;Mortalidad, enf resp;Adultos >= 30 años; Rafael Uribe Uribe;19.3;214;220267;12,4;12,74%
2021;Mortalidad, enf resp;Adultos >= 30 años; Rafael Uribe Uribe;19.5;172;206660;10,7;12,91%
2020;Mortalidad, enf resp;Adultos >= 30 años; Fontibón;19.5;90;223866;5,2;12,91%
2019;Mortalidad, enf resp;Adultos >= 30 años; Rafael Uribe Uribe;19.7;236;196399;15,7;13,07%
2018;Mortalidad, enf resp;Adultos >= 30 años; Rafael Uribe Uribe;20.1;211;190470;14,8;13,40%
2024;Mortalidad, enf resp;Adultos >= 30 años; Bosa;20.1;276;393756;9,4;13,40%
2023;Mortalidad, enf resp;Adultos >= 30 años; Kennedy;20.2;430;599895;9,7;13,49%
2022;Mortalidad, enf resp;Adultos >= 30 años; Rafael Uribe Uribe;20.4;175;211203;11,3;13,65%
2024;Mortalidad, enf resp;Adultos >= 30 años; Kennedy;20.4;515;615559;11,4;13,65%
2021;Mortalidad, enf resp;Adultos >= 30 años; Bosa;20.6;256;368806;9,6;13,82%
2022;Mortalidad, enf resp;Adultos >= 30 años; Kennedy;20.7;444;586620;10,5;13,90%
2020;Mortalidad, enf resp;Adultos >= 30 años; Tunjuelito;21.6;63;96235;9,6;14,63%
2018;Mortalidad, enf resp;Adultos >= 30 años; Bosa;21.7;256;333126;11,3;14,71%
2020;Mortalidad, enf resp;Adultos >= 30 años; Kennedy;21.7;261;563466;6,8;14,71%
2020;Mortalidad, enf resp;Adultos >= 30 años; Bosa;21.8;201;354758;8,4;14,80%
2023;Mortalidad, enf resp;Adultos >= 30 años; Bosa;21.8;226;382891;8,7;14,80%
2021;Mortalidad, enf resp;Adultos >= 30 años; Kennedy;21.9;405;574528;10,5;14,88%
2018;Mortalidad, enf resp;Adultos >= 30 años; Kennedy;22.5;481;539808;13,7;15,36%
2024;Mortalidad, enf resp;Adultos >= 30 años; Tunjuelito;23.2;100;103003;15,5;15,93%
2019;Mortalidad, enf resp;Adultos >= 30 años; Kennedy;23.2;475;551344;13,7;15,93%
2021;Mortalidad, enf resp;Adultos >= 30 años; Tunjuelito;23.2;85;97608;13,9;15,93%
2018;Mortalidad, enf resp;Adultos >= 30 años; Tunjuelito;23.9;131;91513;23,6;16,48%
2023;Mortalidad, enf resp;Adultos >= 30 años; Tunjuelito;24.3;104;101071;17,3;16,80%
2022;Mortalidad, enf resp;Adultos >= 30 años; Tunjuelito;24.4;90;99416;15,3;16,88%
2020;Mortalidad, enf resp;Adultos >= 30 años; Ciudad Bolívar;24.5;178;308232;9,8;16,96%
2019;Mortalidad, enf resp;Adultos >= 30 años; Tunjuelito;24.8;121;94053;22,1;17,20%
2019;Mortalidad, enf resp;Adultos >= 30 años; Bosa;25.1;272;343932;13,8;17,43%
2018;Mortalidad, enf resp;Adultos >= 30 años; Ciudad Bolívar;25.3;277;287936;16,9;17,59%
2024;Mortalidad, enf resp;Adultos >= 30 años; Ciudad Bolívar;26.2;285;342346;15,2;18,30%
2023;Mortalidad, enf resp;Adultos >= 30 años; Ciudad Bolívar;27.2;270;333450;15,4;19,07%
2021;Mortalidad, enf resp;Adultos >= 30 años; Ciudad Bolívar;28.3;234;316849;14,7;19,91%
2019;Mortalidad, enf resp;Adultos >= 30 años; Ciudad Bolívar;29;313;298364;21,5;20,45%
2021;Mortalidad, enf cardio;Adultos >= 30 años; Chapinero;11.9;247;110697;15,5;6,95%
2023;Mortalidad, enf cardio;Adultos >= 30 años; Usaquén;12.1;802;374774;15,3;7,14%
2023;Mortalidad, enf cardio;Adultos >= 30 años; La Candelaria;12.6;40;10732;28,4;7,62%
2021;Mortalidad, enf cardio;Adultos >= 30 años; La Candelaria;12.7;60;10288;45;7,72%
2020;Mortalidad, enf cardio;Adultos >= 30 años; San Cristóbal;12.7;470;206057;17,6;7,72%
2021;Mortalidad, enf cardio;Adultos >= 30 años; Suba;12.7;1727;720477;18,5;7,72%
2023;Mortalidad, enf cardio;Adultos >= 30 años; Chapinero;12.8;231;117671;15,3;7,82%
2018;Mortalidad, enf cardio;Adultos >= 30 años; San Cristóbal;12.8;552;196003;22;7,82%
2021;Mortalidad, enf cardio;Adultos >= 30 años; Barrios Unidos;12.8;337;90960;29;7,82%
2019;Mortalidad, enf cardio;Adultos >= 30 años; San Cristóbal;12.9;554;201121;21,8;7,91%
2018;Mortalidad, enf cardio;Adultos >= 30 años; Engativá;12.9;1243;448600;21,9;7,91%
2018;Mortalidad, enf cardio;Adultos >= 30 años; La Candelaria;12.9;51;9618;42;7,91%
2019;Mortalidad, enf cardio;Adultos >= 30 años; La Candelaria;12.9;40;9844;32,2;7,91%
2023;Mortalidad, enf cardio;Adultos >= 30 años; San Cristóbal;13;543;218494;19,9;8,01%
2023;Mortalidad, enf cardio;Adultos >= 30 años; Los Mártires;13;209;47001;35,6;8,01%
2021;Mortalidad, enf cardio;Adultos >= 30 años; Santa Fe;13;257;57784;35,6;8,01%
2023;Mortalidad, enf cardio;Adultos >= 30 años; Santa Fe;13;185;58669;25,3;8,01%
2020;Mortalidad, enf cardio;Adultos >= 30 años; La Candelaria;13.2;27;10066;22;8,20%
2020;Mortalidad, enf cardio;Adultos >= 30 años; Chapinero;13.3;139;107199;10,8;8,30%
2024;Mortalidad, enf cardio;Adultos >= 30 años; San Cristóbal;13.3;544;222974;20,2;8,30%
2018;Mortalidad, enf cardio;Adultos >= 30 años; Chapinero;13.3;207;96784;17,7;8,30%
2022;Mortalidad, enf cardio;Adultos >= 30 años; Usaquén;13.4;880;365694;20,2;8,39%
2019;Mortalidad, enf cardio;Adultos >= 30 años; Santa Fe;13.4;183;56569;27,2;8,39%
2020;Mortalidad, enf cardio;Adultos >= 30 años; Barrios Unidos;13.4;186;88012;17,7;8,39%
2021;Mortalidad, enf cardio;Adultos >= 30 años; San Cristóbal;13.5;668;210242;27;8,49%
2018;Mortalidad, enf cardio;Adultos >= 30 años; Usaquén;13.5;804;324202;21,1;8,49%
2019;Mortalidad, enf cardio;Adultos >= 30 años; Chapinero;13.6;222;102005;18,7;8,58%
2023;Mortalidad, enf cardio;Adultos >= 30 años; Barrios Unidos;13.6;269;97221;23,8;8,58%
2023;Mortalidad, enf cardio;Adultos >= 30 años; Suba;13.7;1389;770770;15,6;8,68%
2019;Mortalidad, enf cardio;Adultos >= 30 años; Barrios Unidos;13.7;288;84213;29,7;8,68%
2023;Mortalidad, enf cardio;Adultos >= 30 años; Teusaquillo;13.8;269;113307;20,8;8,77%
2019;Mortalidad, enf cardio;Adultos >= 30 años; Usaquén;13.8;783;336053;20,4;8,77%
2020;Mortalidad, enf cardio;Adultos >= 30 años; Usaquén;13.8;524;347670;13,2;8,77%
2018;Mortalidad, enf cardio;Adultos >= 30 años; Santa Fe;13.8;222;55577;35;8,77%
2020;Mortalidad, enf cardio;Adultos >= 30 años; Santa Fe;13.8;129;57488;19,7;8,77%
2018;Mortalidad, enf cardio;Adultos >= 30 años; Barrios Unidos;14.5;294;80401;34,5;9,44%
2024;Mortalidad, enf cardio;Adultos >= 30 años; Usaquén;14.6;868;384647;21,5;9,53%
2022;Mortalidad, enf cardio;Adultos >= 30 años; San Cristóbal;14.7;608;214562;27,3;9,63%
2020;Mortalidad, enf cardio;Adultos >= 30 años; Suba;14.7;1051;695357;14,6;9,63%
2024;Mortalidad, enf cardio;Adultos >= 30 años; La Candelaria;14.8;37;10954;32,8;9,72%
2018;Mortalidad, enf cardio;Adultos >= 30 años; Fontibón;14.8;421;207202;19,8;9,72%
2019;Mortalidad, enf cardio;Adultos >= 30 años; Suba;14.8;1362;667272;19,8;9,72%
2024;Mortalidad, enf cardio;Adultos >= 30 años; Barrios Unidos;14.9;301;100246;29,5;9,82%
2024;Mortalidad, enf cardio;Adultos >= 30 años; Chapinero;14.9;252;120839;20,5;9,82%
2022;Mortalidad, enf cardio;Adultos >= 30 años; La Candelaria;15;39;10510;36,8;9,91%
2018;Mortalidad, enf cardio;Adultos >= 30 años; Suba;15;1362;637453;21,2;9,91%
2024;Mortalidad, enf cardio;Adultos >= 30 años; Los Mártires;15.1;205;47703;43;10,00%
2022;Mortalidad, enf cardio;Adultos >= 30 años; Suba;15.1;1668;745691;22,4;10,00%
2022;Mortalidad, enf cardio;Adultos >= 30 años; Santa Fe;15.2;207;58343;35,8;10,10%
2019;Mortalidad, enf cardio;Adultos >= 30 años; Teusaquillo;15.2;289;99200;29,4;10,10%
2021;Mortalidad, enf cardio;Adultos >= 30 años; Teusaquillo;15.3;348;111289;31,9;10,19%
2024;Mortalidad, enf cardio;Adultos >= 30 años; Teusaquillo;15.3;295;113815;26,4;10,19%
2018;Mortalidad, enf cardio;Adultos >= 30 años; Teusaquillo;15.3;312;93591;34;10,19%
2019;Mortalidad, enf cardio;Adultos >= 30 años; Los Mártires;15.4;208;44860;47,7;10,29%
2024;Mortalidad, enf cardio;Adultos >= 30 años; Santa Fe;15.4;176;59136;30,6;10,29%
2024;Mortalidad, enf cardio;Adultos >= 30 años; Suba;15.5;1479;797571;19,2;10,38%
2022;Mortalidad, enf cardio;Adultos >= 30 años; Los Mártires;15.6;214;46396;48,3;10,47%
2023;Mortalidad, enf cardio;Adultos >= 30 años; Antonio Nariño;15.6;190;48385;41,1;10,47%
2018;Mortalidad, enf cardio;Adultos >= 30 años; Los Mártires;15.7;198;39908;52,4;10,57%
2021;Mortalidad, enf cardio;Adultos >= 30 años; Engativá;15.9;1454;480463;32,5;10,75%
2019;Mortalidad, enf cardio;Adultos >= 30 años; Usme;16;397;177967;24,2;10,85%
2020;Mortalidad, enf cardio;Adultos >= 30 años; Teusaquillo;16.1;183;105780;18,9;10,94%
2023;Mortalidad, enf cardio;Adultos >= 30 años;TOTAL_BOGOTA_post_covid;16.1;10548;4556754;25,3;10,94%
2023;Mortalidad, enf cardio;Adultos >= 30 años;TOTAL_BOGOTAU;16.1;10533;4598833;25,1;10,94%
2023;Mortalidad, enf cardio;Adultos >= 30 años;TOTAL_BOGOTA;16.1;10548;4600799;25,1;10,94%
2023;Mortalidad, enf cardio;Adultos >= 30 años; Engativá;16.1;1270;501166;27,7;10,94%
2021;Mortalidad, enf cardio;Adultos >= 30 años; Los Mártires;16.2;253;45581;61,2;11,03%
2019;Mortalidad, enf cardio;Adultos >= 30 años; Engativá;16.2;1196;459611;28,7;11,03%
2022;Mortalidad, enf cardio;Adultos >= 30 años; Chapinero;16.3;231;114421;22,5;11,12%
2021;Mortalidad, enf cardio;Adultos >= 30 años;TOTAL_BOGOTAU;16.4;12712;4379915;32,6;11,22%
2021;Mortalidad, enf cardio;Adultos >= 30 años;TOTAL_BOGOTA;16.4;12716;4381710;32,6;11,22%
2021;Mortalidad, enf cardio;Adultos >= 30 años;TOTAL_BOGOTA_post_covid;16.4;12716;4381932;32,6;11,22%
2022;Mortalidad, enf cardio;Adultos >= 30 años;TOTAL_BOGOTA_post_covid;16.5;11751;4471525;29,7;11,31%
2022;Mortalidad, enf cardio;Adultos >= 30 años;TOTAL_BOGOTAU;16.5;11741;4488685;29,6;11,31%
2022;Mortalidad, enf cardio;Adultos >= 30 años;TOTAL_BOGOTA;16.5;11751;4490578;29,6;11,31%
2020;Mortalidad, enf cardio;Adultos >= 30 años; Los Mártires;16.5;170;45231;42,5;11,31%
2023;Mortalidad, enf cardio;Adultos >= 30 años; Fontibón;16.7;501;244616;23,5;11,49%
2023;Mortalidad, enf cardio;Adultos >= 30 años; Puente Aranda;16.8;459;159090;33,4;11,59%
2024;Mortalidad, enf cardio;Adultos >= 30 años;TOTAL_BOGOTAU;16.9;10938;4336734;29,5;11,68%
2024;Mortalidad, enf cardio;Adultos >= 30 años;TOTAL_BOGOTA_post_covid;16.9;10943;4640295;27,5;11,68%
2024;Mortalidad, enf cardio;Adultos >= 30 años;TOTAL_BOGOTA;16.9;10943;4721381;27,1;11,68%
2024;Mortalidad, enf cardio;Adultos >= 30 años; Antonio Nariño;16.9;176;48970;42;11,68%
2018;Mortalidad, enf cardio;Adultos >= 30 años; Usme;17;389;170388;26,9;11,77%
2018;Mortalidad, enf cardio;Adultos >= 30 años;TOTAL_BOGOTAU;17.2;10191;3989531;30,5;11,95%
2018;Mortalidad, enf cardio;Adultos >= 30 años;TOTAL_BOGOTA;17.2;10193;3991024;30,5;11,95%
2018;Mortalidad, enf cardio;Adultos >= 30 años; Antonio Nariño;17.2;193;45911;50,3;11,95%
2020;Mortalidad, enf cardio;Adultos >= 30 años;TOTAL_BOGOTA;17.25;7827;4265430;22,1;12,05%
2020;Mortalidad, enf cardio;Adultos >= 30 años;TOTAL_BOGOTA_post_covid;17.25;7827;4270635;22,1;12,05%
2020;Mortalidad, enf cardio;Adultos >= 30 años;TOTAL_BOGOTAU;17.3;7821;4263727;22,1;12,05%
2020;Mortalidad, enf cardio;Adultos >= 30 años; Antonio Nariño;17.3;149;46939;38,2;12,05%
2022;Mortalidad, enf cardio;Adultos >= 30 años; Antonio Nariño;17.3;194;47851;48,8;12,05%
2019;Mortalidad, enf cardio;Adultos >= 30 años; Antonio Nariño;17.4;183;46237;48;12,14%
2020;Mortalidad, enf cardio;Adultos >= 30 años; Engativá;17.4;847;471044;21,8;12,14%
2021;Mortalidad, enf cardio;Adultos >= 30 años; Fontibón;17.7;541;230794;29,1;12,41%
2019;Mortalidad, enf cardio;Adultos >= 30 años; Fontibón;17.9;478;215691;27,9;12,60%
2021;Mortalidad, enf cardio;Adultos >= 30 años; Antonio Nariño;17.9;218;47165;58,2;12,60%
2024;Mortalidad, enf cardio;Adultos >= 30 años; Puente Aranda;18.1;443;162365;34,9;12,78%
2022;Mortalidad, enf cardio;Adultos >= 30 años; Bosa;18.1;857;373490;29,3;12,78%
2024;Mortalidad, enf cardio;Adultos >= 30 años; Engativá;18.1;1258;513101;31,3;12,78%
2019;Mortalidad, enf cardio;Adultos >= 30 años;TOTAL_BOGOTAU;18.3;10076;4129860;31,6;12,96%
2019;Mortalidad, enf cardio;Adultos >= 30 años;TOTAL_BOGOTA;18.3;10078;4131469;31,6;12,96%
2021;Mortalidad, enf cardio;Adultos >= 30 años; Puente Aranda;18.4;568;152455;48,6;13,05%
2020;Mortalidad, enf cardio;Adultos >= 30 años; Rafael Uribe Uribe;18.4;490;201953;31,7;13,05%
2020;Mortalidad, enf cardio;Adultos >= 30 años; Puente Aranda;18.7;307;149158;27,4;13,32%
2022;Mortalidad, enf cardio;Adultos >= 30 años; Puente Aranda;18.7;503;155906;43;13,32%
2024;Mortalidad, enf cardio;Adultos >= 30 años; Fontibón;18.8;521;251085;27,8;13,41%
2018;Mortalidad, enf cardio;Adultos >= 30 años; Puente Aranda;18.9;479;141040;45,9;13,50%
2019;Mortalidad, enf cardio;Adultos >= 30 años; Puente Aranda;18.9;423;145125;39,4;13,50%
2022;Mortalidad, enf cardio;Adultos >= 30 años; Teusaquillo;19;313;112727;37,7;13,59%
2022;Mortalidad, enf cardio;Adultos >= 30 años; Fontibón;19.1;507;237788;29,2;13,68%
2022;Mortalidad, enf cardio;Adultos >= 30 años; Barrios Unidos;19.1;333;94231;48,4;13,68%
2022;Mortalidad, enf cardio;Adultos >= 30 años; Engativá;19.2;1335;490607;37,5;13,77%
2023;Mortalidad, enf cardio;Adultos >= 30 años; Rafael Uribe Uribe;19.3;582;215535;37,4;13,86%
2024;Mortalidad, enf cardio;Adultos >= 30 años; Rafael Uribe Uribe;19.3;568;220267;35,7;13,86%
2021;Mortalidad, enf cardio;Adultos >= 30 años; Rafael Uribe Uribe;19.5;731;206660;49,7;14,04%
2020;Mortalidad, enf cardio;Adultos >= 30 años; Fontibón;19.5;318;223866;19,9;14,04%
2019;Mortalidad, enf cardio;Adultos >= 30 años; Rafael Uribe Uribe;19.7;570;196399;41,3;14,22%
2018;Mortalidad, enf cardio;Adultos >= 30 años; Rafael Uribe Uribe;20.1;558;190470;42,7;14,58%
2024;Mortalidad, enf cardio;Adultos >= 30 años; Bosa;20.1;769;393756;28,5;14,58%
2023;Mortalidad, enf cardio;Adultos >= 30 años; Kennedy;20.2;1295;599895;31,7;14,67%
2022;Mortalidad, enf cardio;Adultos >= 30 años; Rafael Uribe Uribe;20.4;645;211203;45,3;14,85%
2024;Mortalidad, enf cardio;Adultos >= 30 años; Kennedy;20.4;1395;615559;33,6;14,85%
2021;Mortalidad, enf cardio;Adultos >= 30 años; Bosa;20.6;876;368806;35,7;15,02%
2022;Mortalidad, enf cardio;Adultos >= 30 años; Kennedy;20.7;1495;586620;38,5;15,11%
2020;Mortalidad, enf cardio;Adultos >= 30 años; Tunjuelito;21.6;212;96235;35;15,91%
2018;Mortalidad, enf cardio;Adultos >= 30 años; Bosa;21.7;613;333126;29,4;15,99%
2020;Mortalidad, enf cardio;Adultos >= 30 años; Kennedy;21.7;979;563466;27,8;15,99%
2020;Mortalidad, enf cardio;Adultos >= 30 años; Bosa;21.8;589;354758;26,7;16,08%
2023;Mortalidad, enf cardio;Adultos >= 30 años; Bosa;21.8;792;382891;33,3;16,08%
2021;Mortalidad, enf cardio;Adultos >= 30 años; Kennedy;21.9;1546;574528;43,5;16,17%
2018;Mortalidad, enf cardio;Adultos >= 30 años; Kennedy;22.5;1215;539808;37,6;16,69%
2024;Mortalidad, enf cardio;Adultos >= 30 años; Tunjuelito;23.2;335;103003;56,3;17,30%
2019;Mortalidad, enf cardio;Adultos >= 30 años; Kennedy;23.2;1207;551344;37,9;17,30%
2021;Mortalidad, enf cardio;Adultos >= 30 años; Tunjuelito;23.2;356;97608;63,1;17,30%
2018;Mortalidad, enf cardio;Adultos >= 30 años; Tunjuelito;23.9;278;91513;54,4;17,90%
2023;Mortalidad, enf cardio;Adultos >= 30 años; Tunjuelito;24.3;254;101071;45,8;18,24%
2022;Mortalidad, enf cardio;Adultos >= 30 años; Tunjuelito;24.4;317;99416;58,4;18,33%
2020;Mortalidad, enf cardio;Adultos >= 30 años; Ciudad Bolívar;24.5;635;308232;37,9;18,41%
2019;Mortalidad, enf cardio;Adultos >= 30 años; Tunjuelito;24.8;266;94053;52,8;18,67%
2019;Mortalidad, enf cardio;Adultos >= 30 años; Bosa;25.1;664;343932;36,5;18,92%
2018;Mortalidad, enf cardio;Adultos >= 30 años; Ciudad Bolívar;25.3;723;287936;47,9;19,09%
2024;Mortalidad, enf cardio;Adultos >= 30 años; Ciudad Bolívar;26.2;850;342346;49,3;19,85%
2023;Mortalidad, enf cardio;Adultos >= 30 años; Ciudad Bolívar;27.2;804;333450;49,9;20,68%
2021;Mortalidad, enf cardio;Adultos >= 30 años; Ciudad Bolívar;28.3;967;316849;65,9;21,59%
2019;Mortalidad, enf cardio;Adultos >= 30 años; Ciudad Bolívar;29;699;298364;51,9;22,16%
