Año encuesta;Localidad;Sexo;Aseguramiento;Estrato;Casos de sibilancia último año;Casos de tos último año diferente gripa;Casos de mocos o nariz tapada último año;Casos de ausentismo escolar;Casos de asistencia al colegio;Registros
2019;Antonio Nariño;Hombre;Contributivo (EPS);2;0;0;0;0;1;1
2019;Antonio Nariño;Hombre;Contributivo (EPS);3;2;4;2;6;12;27
2019;Antonio Nariño;Hombre;Ninguno;3;0;0;1;0;0;2
2019;Antonio Nariño;Hombre;Régimen excepcional;3;0;0;0;0;0;1
2019;Antonio Nariño;Hombre;Subsidiado (EPSS);3;0;4;1;4;6;12
2019;Antonio Nariño;Mujer;Contributivo (EPS);2;1;1;1;1;2;2
2019;Antonio Nariño;Mujer;Contributivo (EPS);3;6;5;6;5;19;36
2019;Antonio Nariño;Mujer;Ninguno;3;0;2;1;0;0;3
2019;Antonio Nariño;Mujer;Régimen excepcional;3;0;1;1;0;2;2
2019;Antonio Nariño;Mujer;Subsidiado (EPSS);2;1;1;0;0;0;3
2019;Antonio Nariño;Mujer;Subsidiado (EPSS);3;1;2;3;2;7;11
2019;Barrios Unidos;Hombre;Contributivo (EPS);3;4;1;4;2;11;32
2019;Barrios Unidos;Hombre;Ninguno;3;1;1;0;1;2;3
2019;Barrios Unidos;Hombre;Régimen excepcional;3;0;0;1;0;1;3
2019;Barrios Unidos;Hombre;Subsidiado (EPSS);3;2;0;4;2;9;16
2019;Barrios Unidos;Mujer;Contributivo (EPS);3;1;1;5;2;24;39
2019;Barrios Unidos;Mujer;Ninguno;3;1;0;0;0;0;1
2019;Barrios Unidos;Mujer;Régimen excepcional;3;1;0;1;1;2;3
2019;Barrios Unidos;Mujer;Subsidiado (EPSS);3;1;0;2;1;8;14
2019;Bosa;Hombre;Contributivo (EPS);1;0;0;2;1;1;3
2019;Bosa;Hombre;Contributivo (EPS);2;4;3;36;4;45;112
2019;Bosa;Hombre;Contributivo (EPS);3;0;0;0;0;1;4
2019;Bosa;Hombre;Ninguno;2;0;1;2;0;1;7
2019;Bosa;Hombre;Régimen excepcional;2;1;0;1;0;1;5
2019;Bosa;Hombre;Régimen excepcional;3;0;0;0;0;1;1
2019;Bosa;Hombre;Subsidiado (EPSS);1;0;0;0;0;1;1
2019;Bosa;Hombre;Subsidiado (EPSS);2;2;0;12;2;13;43
2019;Bosa;Mujer;Contributivo (EPS);1;0;0;0;0;0;1
2019;Bosa;Mujer;Contributivo (EPS);2;0;3;29;2;32;95
2019;Bosa;Mujer;Contributivo (EPS);3;1;0;1;0;2;4
2019;Bosa;Mujer;Ninguno;1;0;0;0;0;0;1
2019;Bosa;Mujer;Ninguno;2;1;1;1;0;4;12
2019;Bosa;Mujer;Régimen excepcional;2;0;0;1;0;0;1
2019;Bosa;Mujer;Subsidiado (EPSS);1;0;0;0;0;2;2
2019;Bosa;Mujer;Subsidiado (EPSS);2;2;0;11;2;10;41
2019;Bosa;Mujer;Subsidiado (EPSS);3;0;0;0;0;0;1
2019;Candelaria;Hombre;Contributivo (EPS);2;3;3;7;5;13;21
2019;Candelaria;Hombre;Ninguno;2;0;0;0;0;0;1
2019;Candelaria;Hombre;Subsidiado (EPSS);2;2;1;2;2;5;9
2019;Candelaria;Hombre;Subsidiado (EPSS);3;0;0;0;0;0;1
2019;Candelaria;Mujer;Contributivo (EPS);2;2;4;7;2;7;13
2019;Candelaria;Mujer;Contributivo (EPS);3;0;0;1;1;2;2
2019;Candelaria;Mujer;Régimen excepcional;2;0;0;0;0;0;1
2019;Candelaria;Mujer;Subsidiado (EPSS);2;4;5;3;4;8;16
2019;Candelaria;Mujer;Subsidiado (EPSS);3;0;0;0;0;1;1
2019;Chapinero;Hombre;Contributivo (EPS);1;1;3;2;2;5;15
2019;Chapinero;Hombre;Contributivo (EPS);2;1;0;4;2;8;17
2019;Chapinero;Hombre;Régimen excepcional;1;0;0;0;0;0;1
2019;Chapinero;Hombre;Subsidiado (EPSS);1;0;1;2;1;2;4
2019;Chapinero;Hombre;Subsidiado (EPSS);2;0;0;2;3;6;10
2019;Chapinero;Mujer;Contributivo (EPS);1;2;4;3;2;6;10
2019;Chapinero;Mujer;Contributivo (EPS);2;2;4;7;1;12;24
2019;Chapinero;Mujer;Ninguno;2;0;1;0;0;0;1
2019;Chapinero;Mujer;Subsidiado (EPSS);1;0;0;0;0;1;1
2019;Chapinero;Mujer;Subsidiado (EPSS);2;1;0;2;1;3;7
2019;Ciudad Bolívar;Hombre;Contributivo (EPS);1;13;20;25;8;36;78
2019;Ciudad Bolívar;Hombre;Contributivo (EPS);2;3;5;9;0;11;33
2019;Ciudad Bolívar;Hombre;Ninguno;1;1;0;2;0;1;4
2019;Ciudad Bolívar;Hombre;Ninguno;2;0;0;0;0;0;5
2019;Ciudad Bolívar;Hombre;Régimen excepcional;1;0;0;1;0;2;4
2019;Ciudad Bolívar;Hombre;Régimen excepcional;2;0;1;0;0;1;1
2019;Ciudad Bolívar;Hombre;Subsidiado (EPSS);1;11;14;13;0;18;50
2019;Ciudad Bolívar;Hombre;Subsidiado (EPSS);2;2;2;4;2;4;15
2019;Ciudad Bolívar;Mujer;Contributivo (EPS);1;7;15;13;5;30;59
2019;Ciudad Bolívar;Mujer;Contributivo (EPS);2;4;3;10;1;8;25
2019;Ciudad Bolívar;Mujer;Ninguno;1;4;6;4;1;3;11
2019;Ciudad Bolívar;Mujer;Régimen excepcional;1;0;0;0;0;0;2
2019;Ciudad Bolívar;Mujer;Régimen excepcional;2;0;0;2;0;1;2
2019;Ciudad Bolívar;Mujer;Subsidiado (EPSS);1;6;11;11;1;17;43
2019;Ciudad Bolívar;Mujer;Subsidiado (EPSS);2;0;1;4;2;4;12
2019;Engativá;Hombre;Contributivo (EPS);2;3;3;1;2;7;26
2019;Engativá;Hombre;Contributivo (EPS);3;16;14;21;13;35;85
2019;Engativá;Hombre;Ninguno;2;0;0;0;0;1;1
2019;Engativá;Hombre;Régimen excepcional;2;0;0;0;0;1;1
2019;Engativá;Hombre;Régimen excepcional;3;0;0;0;0;1;3
2019;Engativá;Hombre;Subsidiado (EPSS);2;1;0;2;0;2;7
2019;Engativá;Hombre;Subsidiado (EPSS);3;0;0;0;0;2;8
2019;Engativá;Mujer;Contributivo (EPS);2;1;1;4;1;8;25
2019;Engativá;Mujer;Contributivo (EPS);3;4;1;13;5;26;66
2019;Engativá;Mujer;Ninguno;3;0;0;0;0;1;1
2019;Engativá;Mujer;Régimen excepcional;3;0;0;0;0;0;2
2019;Engativá;Mujer;Subsidiado (EPSS);2;0;0;0;2;6;9
2019;Engativá;Mujer;Subsidiado (EPSS);3;3;1;4;1;3;15
2019;Fontibón;Hombre;Contributivo (EPS);2;3;1;5;2;9;21
2019;Fontibón;Hombre;Contributivo (EPS);3;4;2;6;3;14;31
2019;Fontibón;Hombre;Contributivo (EPS);4;0;0;0;0;1;1
2019;Fontibón;Hombre;Ninguno;2;0;0;0;0;0;1
2019;Fontibón;Hombre;Ninguno;3;1;0;0;1;1;2
2019;Fontibón;Hombre;Régimen excepcional;2;0;0;0;0;1;2
2019;Fontibón;Hombre;Régimen excepcional;3;0;0;1;0;3;3
2019;Fontibón;Hombre;Régimen excepcional;4;0;0;0;0;0;1
2019;Fontibón;Hombre;Subsidiado (EPSS);2;0;0;0;0;0;3
2019;Fontibón;Hombre;Subsidiado (EPSS);3;1;1;2;1;3;7
2019;Fontibón;Mujer;Contributivo (EPS);2;1;1;4;1;9;18
2019;Fontibón;Mujer;Contributivo (EPS);3;2;1;9;4;18;34
2019;Fontibón;Mujer;Contributivo (EPS);4;0;0;0;0;0;2
2019;Fontibón;Mujer;Ninguno;2;0;0;0;0;0;1
2019;Fontibón;Mujer;Ninguno;3;0;0;0;0;1;4
2019;Fontibón;Mujer;Régimen excepcional;2;0;0;0;1;1;1
2019;Fontibón;Mujer;Régimen excepcional;3;0;0;0;0;0;2
2019;Fontibón;Mujer;Subsidiado (EPSS);2;0;0;0;0;1;3
2019;Fontibón;Mujer;Subsidiado (EPSS);3;0;0;1;1;4;7
2019;Kennedy;Hombre;Contributivo (EPS);2;10;8;37;7;52;122
2019;Kennedy;Hombre;Contributivo (EPS);3;8;3;17;4;18;45
2019;Kennedy;Hombre;Contributivo (EPS);4;0;0;2;0;3;3
2019;Kennedy;Hombre;Ninguno;2;1;2;5;0;6;15
2019;Kennedy;Hombre;Ninguno;3;0;0;0;0;1;3
2019;Kennedy;Hombre;Régimen excepcional;2;0;0;1;0;1;6
2019;Kennedy;Hombre;Subsidiado (EPSS);2;3;9;10;5;18;39
2019;Kennedy;Hombre;Subsidiado (EPSS);3;1;0;3;0;6;11
2019;Kennedy;Mujer;Contributivo (EPS);2;10;8;30;7;34;97
2019;Kennedy;Mujer;Contributivo (EPS);3;3;2;21;1;17;52
2019;Kennedy;Mujer;Contributivo (EPS);4;0;0;0;0;1;1
2019;Kennedy;Mujer;Ninguno;2;1;0;2;0;1;9
2019;Kennedy;Mujer;Ninguno;3;1;1;1;0;0;3
2019;Kennedy;Mujer;Régimen excepcional;2;2;2;2;2;2;5
2019;Kennedy;Mujer;Régimen excepcional;3;0;0;1;0;2;3
2019;Kennedy;Mujer;Subsidiado (EPSS);2;3;4;9;1;11;30
2019;Kennedy;Mujer;Subsidiado (EPSS);3;0;0;3;0;3;5
2019;Mártires;Hombre;Contributivo (EPS);2;0;0;0;0;0;1
2019;Mártires;Hombre;Contributivo (EPS);3;2;3;2;0;12;18
2019;Mártires;Hombre;Ninguno;3;1;0;2;1;2;3
2019;Mártires;Hombre;Régimen excepcional;3;0;1;1;1;2;3
2019;Mártires;Hombre;Subsidiado (EPSS);2;0;0;1;0;2;4
2019;Mártires;Hombre;Subsidiado (EPSS);3;0;2;4;1;9;16
2019;Mártires;Mujer;Contributivo (EPS);2;0;0;0;0;0;2
2019;Mártires;Mujer;Contributivo (EPS);3;4;13;6;9;16;25
2019;Mártires;Mujer;Ninguno;3;1;0;1;2;4;10
2019;Mártires;Mujer;Régimen excepcional;3;0;0;0;0;0;1
2019;Mártires;Mujer;Subsidiado (EPSS);2;0;0;0;0;1;1
2019;Mártires;Mujer;Subsidiado (EPSS);3;1;5;2;4;11;16
2019;Puente Aranda;Hombre;Contributivo (EPS);3;3;3;17;2;19;43
2019;Puente Aranda;Hombre;Ninguno;3;0;0;2;1;2;3
2019;Puente Aranda;Hombre;Régimen excepcional;3;1;0;0;0;3;3
2019;Puente Aranda;Hombre;Subsidiado (EPSS);3;1;0;3;0;2;7
2019;Puente Aranda;Mujer;Contributivo (EPS);2;0;0;0;0;1;2
2019;Puente Aranda;Mujer;Contributivo (EPS);3;2;2;12;1;16;36
2019;Puente Aranda;Mujer;Ninguno;3;0;0;0;0;3;4
2019;Puente Aranda;Mujer;Régimen excepcional;3;0;0;1;0;2;3
2019;Puente Aranda;Mujer;Subsidiado (EPSS);3;0;0;0;0;2;3
2019;Rafael Uribe;Hombre;Contributivo (EPS);1;0;1;1;0;1;2
2019;Rafael Uribe;Hombre;Contributivo (EPS);2;7;10;9;7;16;28
2019;Rafael Uribe;Hombre;Contributivo (EPS);3;3;1;4;2;3;9
2019;Rafael Uribe;Hombre;Ninguno;2;1;0;1;1;1;2
2019;Rafael Uribe;Hombre;Ninguno;3;0;1;0;1;1;1
2019;Rafael Uribe;Hombre;Régimen excepcional;1;0;0;0;0;1;1
2019;Rafael Uribe;Hombre;Régimen excepcional;2;1;0;3;0;1;3
2019;Rafael Uribe;Hombre;Régimen excepcional;3;0;0;0;0;0;1
2019;Rafael Uribe;Hombre;Subsidiado (EPSS);1;0;0;0;0;0;1
2019;Rafael Uribe;Hombre;Subsidiado (EPSS);2;2;4;5;3;9;16
2019;Rafael Uribe;Hombre;Subsidiado (EPSS);3;0;0;2;0;5;6
2019;Rafael Uribe;Mujer;Contributivo (EPS);1;0;0;0;0;0;1
2019;Rafael Uribe;Mujer;Contributivo (EPS);2;3;3;6;3;8;20
2019;Rafael Uribe;Mujer;Contributivo (EPS);3;0;1;3;1;4;12
2019;Rafael Uribe;Mujer;Ninguno;2;0;0;0;0;1;2
2019;Rafael Uribe;Mujer;Ninguno;3;1;0;2;1;2;2
2019;Rafael Uribe;Mujer;Régimen excepcional;2;0;1;0;0;0;1
2019;Rafael Uribe;Mujer;Subsidiado (EPSS);1;0;1;0;0;1;1
2019;Rafael Uribe;Mujer;Subsidiado (EPSS);2;2;6;4;3;4;10
2019;Rafael Uribe;Mujer;Subsidiado (EPSS);3;1;1;2;0;2;2
2019;San Cristóbal;Hombre;Contributivo (EPS);1;2;0;1;1;2;3
2019;San Cristóbal;Hombre;Contributivo (EPS);2;9;12;16;8;23;48
2019;San Cristóbal;Hombre;Contributivo (EPS);3;2;1;2;1;2;6
2019;San Cristóbal;Hombre;Ninguno;2;2;3;2;1;2;5
2019;San Cristóbal;Hombre;Régimen excepcional;2;0;0;0;0;0;1
2019;San Cristóbal;Hombre;Régimen excepcional;3;0;0;0;0;0;1
2019;San Cristóbal;Hombre;Subsidiado (EPSS);2;5;3;5;3;8;15
2019;San Cristóbal;Hombre;Subsidiado (EPSS);3;1;1;1;0;1;4
2019;San Cristóbal;Mujer;Contributivo (EPS);1;0;0;0;0;0;1
2019;San Cristóbal;Mujer;Contributivo (EPS);2;9;10;11;5;17;39
2019;San Cristóbal;Mujer;Contributivo (EPS);3;1;0;0;1;1;2
2019;San Cristóbal;Mujer;Ninguno;2;1;0;1;1;2;3
2019;San Cristóbal;Mujer;Régimen excepcional;2;0;1;1;0;1;1
2019;San Cristóbal;Mujer;Régimen excepcional;3;0;0;0;0;0;1
2019;San Cristóbal;Mujer;Subsidiado (EPSS);2;3;2;8;1;5;16
2019;San Cristóbal;Mujer;Subsidiado (EPSS);3;1;1;1;1;1;3
2019;Santa Fe;Hombre;Contributivo (EPS);2;2;2;3;2;8;17
2019;Santa Fe;Hombre;Ninguno;2;1;0;0;1;1;1
2019;Santa Fe;Hombre;Régimen excepcional;2;0;1;0;0;1;1
2019;Santa Fe;Hombre;Subsidiado (EPSS);1;0;1;0;0;1;1
2019;Santa Fe;Hombre;Subsidiado (EPSS);2;5;2;2;2;12;23
2019;Santa Fe;Hombre;Subsidiado (EPSS);3;1;1;0;0;1;2
2019;Santa Fe;Mujer;Contributivo (EPS);1;0;2;0;0;1;3
2019;Santa Fe;Mujer;Contributivo (EPS);2;5;4;4;4;8;20
2019;Santa Fe;Mujer;Contributivo (EPS);3;1;0;0;1;2;2
2019;Santa Fe;Mujer;Ninguno;2;1;0;0;0;0;2
2019;Santa Fe;Mujer;Régimen excepcional;2;0;0;0;0;1;1
2019;Santa Fe;Mujer;Subsidiado (EPSS);1;0;2;0;0;1;2
2019;Santa Fe;Mujer;Subsidiado (EPSS);2;6;3;4;3;8;22
2019;Santa Fe;Mujer;Subsidiado (EPSS);3;0;0;0;0;2;3
2019;Suba;Hombre;Contributivo (EPS);2;9;12;15;10;38;73
2019;Suba;Hombre;Contributivo (EPS);3;5;7;7;4;9;22
2019;Suba;Hombre;Ninguno;2;0;2;2;1;1;5
2019;Suba;Hombre;Ninguno;3;0;0;0;0;0;1
2019;Suba;Hombre;Régimen excepcional;2;0;0;0;0;0;1
2019;Suba;Hombre;Subsidiado (EPSS);2;3;5;5;4;9;16
2019;Suba;Hombre;Subsidiado (EPSS);3;0;1;1;0;1;6
2019;Suba;Mujer;Contributivo (EPS);2;11;12;14;11;33;63
2019;Suba;Mujer;Contributivo (EPS);3;2;3;6;2;10;29
2019;Suba;Mujer;Ninguno;2;0;0;0;0;0;2
2019;Suba;Mujer;Ninguno;3;0;0;0;0;0;1
2019;Suba;Mujer;Régimen excepcional;2;0;1;1;0;2;2
2019;Suba;Mujer;Régimen excepcional;3;0;0;1;0;0;1
2019;Suba;Mujer;Subsidiado (EPSS);2;1;0;1;0;3;7
2019;Suba;Mujer;Subsidiado (EPSS);3;3;1;1;1;2;9
2019;Teusaquillo;Hombre;Contributivo (EPS);3;0;0;0;0;1;2
2019;Teusaquillo;Hombre;Contributivo (EPS);4;3;3;3;4;15;20
2019;Teusaquillo;Hombre;Régimen excepcional;4;0;0;1;1;2;2
2019;Teusaquillo;Hombre;Subsidiado (EPSS);2;0;0;0;0;2;2
2019;Teusaquillo;Mujer;Contributivo (EPS);3;2;0;4;1;10;14
2019;Teusaquillo;Mujer;Contributivo (EPS);4;2;1;9;2;22;31
2019;Teusaquillo;Mujer;Subsidiado (EPSS);2;0;0;1;0;5;5
2019;Teusaquillo;Mujer;Subsidiado (EPSS);3;0;0;0;0;1;1
2019;Teusaquillo;Mujer;Subsidiado (EPSS);4;0;0;0;0;1;3
2019;Tunjuelito;Hombre;Contributivo (EPS);2;6;13;16;6;27;45
2019;Tunjuelito;Hombre;Ninguno;2;0;0;1;0;1;3
2019;Tunjuelito;Hombre;Régimen excepcional;2;0;1;0;0;1;2
2019;Tunjuelito;Hombre;Subsidiado (EPSS);2;2;3;2;3;8;16
2019;Tunjuelito;Mujer;Contributivo (EPS);2;2;3;9;2;10;19
2019;Tunjuelito;Mujer;Ninguno;2;1;1;3;2;4;8
2019;Tunjuelito;Mujer;Subsidiado (EPSS);2;2;2;5;2;7;11
2019;Usaquén;Hombre;Contributivo (EPS);1;0;5;3;3;8;11
2019;Usaquén;Hombre;Contributivo (EPS);2;1;1;1;2;6;19
2019;Usaquén;Hombre;Contributivo (EPS);3;2;2;1;2;3;8
2019;Usaquén;Hombre;Contributivo (EPS);4;1;0;1;1;4;5
2019;Usaquén;Hombre;Ninguno;1;0;0;1;0;1;1
2019;Usaquén;Hombre;Ninguno;2;1;1;2;0;0;3
2019;Usaquén;Hombre;Régimen excepcional;2;0;0;0;0;1;1
2019;Usaquén;Hombre;Subsidiado (EPSS);1;0;0;0;0;1;2
2019;Usaquén;Hombre;Subsidiado (EPSS);2;2;2;0;2;5;9
2019;Usaquén;Hombre;Subsidiado (EPSS);3;0;0;0;1;1;1
2019;Usaquén;Hombre;Subsidiado (EPSS);4;0;0;0;0;0;1
2019;Usaquén;Mujer;Contributivo (EPS);1;0;0;0;0;1;6
2019;Usaquén;Mujer;Contributivo (EPS);2;3;3;5;3;13;25
2019;Usaquén;Mujer;Contributivo (EPS);3;1;0;1;0;3;10
2019;Usaquén;Mujer;Contributivo (EPS);4;1;1;2;4;5;10
2019;Usaquén;Mujer;Ninguno;1;0;0;0;0;1;1
2019;Usaquén;Mujer;Régimen excepcional;3;0;1;0;1;1;1
2019;Usaquén;Mujer;Subsidiado (EPSS);1;0;0;0;0;1;1
2019;Usaquén;Mujer;Subsidiado (EPSS);2;0;0;0;0;3;4
2019;Usaquén;Mujer;Subsidiado (EPSS);3;0;0;0;0;0;1
2019;Usme;Hombre;Contributivo (EPS);1;0;2;8;2;9;20
2019;Usme;Hombre;Contributivo (EPS);2;7;4;6;2;6;16
2019;Usme;Hombre;Ninguno;1;0;0;2;0;0;2
2019;Usme;Hombre;Régimen excepcional;1;0;0;0;0;0;1
2019;Usme;Hombre;Subsidiado (EPSS);1;6;3;7;1;8;29
2019;Usme;Hombre;Subsidiado (EPSS);2;4;2;4;3;7;13
2019;Usme;Mujer;Contributivo (EPS);1;1;1;6;0;12;22
2019;Usme;Mujer;Contributivo (EPS);2;4;2;9;2;5;21
2019;Usme;Mujer;Ninguno;1;0;1;1;0;3;5
2019;Usme;Mujer;Régimen excepcional;1;0;0;0;0;1;2
2019;Usme;Mujer;Subsidiado (EPSS);1;3;1;6;0;6;15
2019;Usme;Mujer;Subsidiado (EPSS);2;2;3;4;1;2;11
2020;Antonio Nariño;Hombre;Contributivo (EPS);3;2;3;5;1;11;33
2020;Antonio Nariño;Hombre;Ninguno;3;0;0;1;0;0;2
2020;Antonio Nariño;Hombre;Régimen excepcional;3;0;0;0;0;1;2
2020;Antonio Nariño;Hombre;Subsidiado (EPSS);3;0;0;0;0;0;1
2020;Antonio Nariño;Mujer;Contributivo (EPS);3;0;2;6;1;20;34
2020;Antonio Nariño;Mujer;Ninguno;3;0;0;0;0;0;1
2020;Antonio Nariño;Mujer;Régimen excepcional;3;0;0;0;0;2;3
2020;Antonio Nariño;Mujer;Subsidiado (EPSS);2;0;0;0;0;0;2
2020;Antonio Nariño;Mujer;Subsidiado (EPSS);3;0;1;0;0;4;5
2020;Barrios Unidos;Hombre;Contributivo (EPS);2;0;0;1;0;2;7
2020;Barrios Unidos;Hombre;Contributivo (EPS);3;2;0;2;1;14;30
2020;Barrios Unidos;Hombre;Contributivo (EPS);4;1;0;3;0;1;5
2020;Barrios Unidos;Hombre;Subsidiado (EPSS);3;0;0;0;0;4;10
2020;Barrios Unidos;Mujer;Contributivo (EPS);2;1;0;1;0;0;3
2020;Barrios Unidos;Mujer;Contributivo (EPS);3;3;3;6;1;18;40
2020;Barrios Unidos;Mujer;Contributivo (EPS);4;0;0;1;0;2;4
2020;Barrios Unidos;Mujer;Ninguno;3;0;0;0;0;2;2
2020;Barrios Unidos;Mujer;Subsidiado (EPSS);2;0;0;1;0;1;1
2020;Barrios Unidos;Mujer;Subsidiado (EPSS);3;0;0;0;0;3;6
2020;Bosa;Hombre;Contributivo (EPS);1;0;0;0;0;0;1
2020;Bosa;Hombre;Contributivo (EPS);2;2;0;21;0;21;107
2020;Bosa;Hombre;Ninguno;2;0;0;1;0;2;5
2020;Bosa;Hombre;Régimen excepcional;2;0;0;2;0;4;5
2020;Bosa;Hombre;Subsidiado (EPSS);2;0;0;7;0;6;30
2020;Bosa;Mujer;Contributivo (EPS);2;4;1;15;1;21;110
2020;Bosa;Mujer;Contributivo (EPS);3;0;0;1;0;0;4
2020;Bosa;Mujer;Ninguno;2;0;0;2;0;3;8
2020;Bosa;Mujer;Régimen excepcional;2;0;0;0;0;1;2
2020;Bosa;Mujer;Subsidiado (EPSS);2;1;0;7;0;10;32
2020;Candelaria;Hombre;Contributivo (EPS);2;0;1;0;0;7;14
2020;Candelaria;Hombre;Contributivo (EPS);3;0;0;1;1;2;3
2020;Candelaria;Hombre;Ninguno;3;0;0;0;0;1;1
2020;Candelaria;Hombre;Subsidiado (EPSS);2;1;0;1;0;4;7
2020;Candelaria;Mujer;Contributivo (EPS);2;1;1;1;0;5;12
2020;Candelaria;Mujer;Contributivo (EPS);3;0;0;0;0;1;3
2020;Candelaria;Mujer;Subsidiado (EPSS);2;0;0;0;0;7;9
2020;Candelaria;Mujer;Subsidiado (EPSS);3;0;0;0;0;1;1
2020;Chapinero;Hombre;Contributivo (EPS);1;0;1;1;0;1;7
2020;Chapinero;Hombre;Contributivo (EPS);2;0;0;1;0;3;11
2020;Chapinero;Hombre;Contributivo (EPS);3;0;0;0;0;4;13
2020;Chapinero;Hombre;Contributivo (EPS);4;0;1;0;0;5;13
2020;Chapinero;Hombre;Régimen excepcional;3;0;0;0;0;0;1
2020;Chapinero;Hombre;Subsidiado (EPSS);1;0;1;1;1;2;4
2020;Chapinero;Hombre;Subsidiado (EPSS);2;0;0;0;0;1;1
2020;Chapinero;Hombre;Subsidiado (EPSS);4;0;0;0;0;0;1
2020;Chapinero;Mujer;Contributivo (EPS);1;0;0;0;0;0;2
2020;Chapinero;Mujer;Contributivo (EPS);2;1;1;2;1;10;19
2020;Chapinero;Mujer;Contributivo (EPS);3;0;0;1;0;0;5
2020;Chapinero;Mujer;Contributivo (EPS);4;0;0;0;0;1;8
2020;Chapinero;Mujer;Subsidiado (EPSS);1;0;0;0;0;1;1
2020;Chapinero;Mujer;Subsidiado (EPSS);2;0;0;0;0;0;1
2020;Ciudad Bolívar;Hombre;Contributivo (EPS);1;4;3;11;0;31;69
2020;Ciudad Bolívar;Hombre;Contributivo (EPS);2;3;1;4;0;7;33
2020;Ciudad Bolívar;Hombre;Contributivo (EPS);3;0;0;0;0;0;1
2020;Ciudad Bolívar;Hombre;Ninguno;1;0;0;3;0;1;5
2020;Ciudad Bolívar;Hombre;Ninguno;2;0;0;0;0;2;3
2020;Ciudad Bolívar;Hombre;Régimen excepcional;1;0;0;0;0;1;1
2020;Ciudad Bolívar;Hombre;Régimen excepcional;2;0;1;0;0;1;3
2020;Ciudad Bolívar;Hombre;Subsidiado (EPSS);1;1;2;7;0;13;49
2020;Ciudad Bolívar;Hombre;Subsidiado (EPSS);2;0;1;1;0;4;15
2020;Ciudad Bolívar;Mujer;Contributivo (EPS);1;3;4;10;0;15;41
2020;Ciudad Bolívar;Mujer;Contributivo (EPS);2;1;1;5;0;11;41
2020;Ciudad Bolívar;Mujer;Ninguno;1;0;0;0;0;1;3
2020;Ciudad Bolívar;Mujer;Ninguno;2;0;0;1;0;1;1
2020;Ciudad Bolívar;Mujer;Régimen excepcional;1;0;0;3;0;2;4
2020;Ciudad Bolívar;Mujer;Subsidiado (EPSS);1;3;4;6;3;16;34
2020;Ciudad Bolívar;Mujer;Subsidiado (EPSS);2;0;2;2;0;6;17
2020;Engativá;Hombre;Contributivo (EPS);1;0;0;0;0;0;1
2020;Engativá;Hombre;Contributivo (EPS);2;2;3;8;0;10;41
2020;Engativá;Hombre;Contributivo (EPS);3;6;3;16;3;39;118
2020;Engativá;Hombre;Contributivo (EPS);4;0;1;2;0;0;4
2020;Engativá;Hombre;Ninguno;2;0;0;0;0;1;1
2020;Engativá;Hombre;Ninguno;3;0;0;0;0;0;2
2020;Engativá;Hombre;Régimen excepcional;3;0;0;0;0;3;5
2020;Engativá;Hombre;Subsidiado (EPSS);2;0;0;1;0;4;9
2020;Engativá;Hombre;Subsidiado (EPSS);3;0;0;1;0;4;8
2020;Engativá;Mujer;Contributivo (EPS);2;3;4;3;1;6;30
2020;Engativá;Mujer;Contributivo (EPS);3;7;2;9;1;42;94
2020;Engativá;Mujer;Contributivo (EPS);4;0;0;0;0;0;1
2020;Engativá;Mujer;Ninguno;3;0;1;0;0;1;2
2020;Engativá;Mujer;Régimen excepcional;2;0;0;0;0;1;1
2020;Engativá;Mujer;Régimen excepcional;3;0;0;0;0;3;5
2020;Engativá;Mujer;Subsidiado (EPSS);2;0;0;1;0;1;6
2020;Engativá;Mujer;Subsidiado (EPSS);3;1;0;3;1;3;12
2020;Fontibón;Hombre;Contributivo (EPS);2;0;0;2;0;7;19
2020;Fontibón;Hombre;Contributivo (EPS);3;1;0;6;0;15;45
2020;Fontibón;Hombre;Contributivo (EPS);4;1;0;3;0;1;12
2020;Fontibón;Hombre;Ninguno;3;1;0;2;0;1;4
2020;Fontibón;Hombre;Ninguno;4;0;0;0;0;0;1
2020;Fontibón;Hombre;Régimen excepcional;2;0;0;0;0;0;1
2020;Fontibón;Hombre;Régimen excepcional;3;0;0;0;0;2;2
2020;Fontibón;Hombre;Régimen excepcional;4;0;0;0;0;0;2
2020;Fontibón;Hombre;Subsidiado (EPSS);2;0;0;0;0;2;6
2020;Fontibón;Hombre;Subsidiado (EPSS);3;1;0;0;0;2;5
2020;Fontibón;Hombre;Subsidiado (EPSS);4;0;0;0;0;1;1
2020;Fontibón;Mujer;Contributivo (EPS);2;1;0;0;0;4;11
2020;Fontibón;Mujer;Contributivo (EPS);3;3;0;4;0;11;30
2020;Fontibón;Mujer;Contributivo (EPS);4;1;0;1;0;2;9
2020;Fontibón;Mujer;Ninguno;2;0;0;0;0;0;1
2020;Fontibón;Mujer;Ninguno;3;0;0;0;0;0;1
2020;Fontibón;Mujer;Régimen excepcional;3;0;0;0;0;1;3
2020;Fontibón;Mujer;Subsidiado (EPSS);2;0;0;1;0;0;5
2020;Fontibón;Mujer;Subsidiado (EPSS);3;0;0;1;0;2;5
2020;Fontibón;Mujer;Subsidiado (EPSS);4;0;0;0;0;0;1
2020;Kennedy;Hombre;Contributivo (EPS);2;2;0;12;1;37;121
2020;Kennedy;Hombre;Contributivo (EPS);3;3;1;3;0;17;60
2020;Kennedy;Hombre;Ninguno;2;1;1;1;0;1;7
2020;Kennedy;Hombre;Ninguno;3;0;0;0;0;0;2
2020;Kennedy;Hombre;Régimen excepcional;2;0;0;0;0;1;5
2020;Kennedy;Hombre;Régimen excepcional;3;0;0;1;0;2;3
2020;Kennedy;Hombre;Subsidiado (EPSS);2;2;0;5;1;16;43
2020;Kennedy;Hombre;Subsidiado (EPSS);3;1;0;0;0;9;15
2020;Kennedy;Mujer;Contributivo (EPS);2;4;0;14;3;33;114
2020;Kennedy;Mujer;Contributivo (EPS);3;1;0;1;0;9;42
2020;Kennedy;Mujer;Ninguno;2;0;1;2;0;0;8
2020;Kennedy;Mujer;Ninguno;3;0;0;0;0;0;1
2020;Kennedy;Mujer;Régimen excepcional;2;0;0;0;0;1;3
2020;Kennedy;Mujer;Régimen excepcional;3;0;0;0;0;1;2
2020;Kennedy;Mujer;Subsidiado (EPSS);2;2;0;3;1;14;36
2020;Kennedy;Mujer;Subsidiado (EPSS);3;0;0;0;0;9;20
2020;Mártires;Hombre;Contributivo (EPS);2;0;1;0;0;1;3
2020;Mártires;Hombre;Contributivo (EPS);3;0;1;1;1;11;15
2020;Mártires;Hombre;Ninguno;3;0;0;1;1;2;4
2020;Mártires;Hombre;Régimen excepcional;3;0;0;1;1;1;2
2020;Mártires;Hombre;Subsidiado (EPSS);2;0;0;0;0;1;3
2020;Mártires;Hombre;Subsidiado (EPSS);3;0;3;2;0;6;12
2020;Mártires;Mujer;Contributivo (EPS);3;0;1;4;1;15;23
2020;Mártires;Mujer;Ninguno;3;0;0;0;0;2;2
2020;Mártires;Mujer;Subsidiado (EPSS);2;0;0;1;0;1;4
2020;Mártires;Mujer;Subsidiado (EPSS);3;0;1;0;0;9;10
2020;Puente Aranda;Hombre;Contributivo (EPS);3;2;0;14;0;17;31
2020;Puente Aranda;Hombre;Ninguno;3;0;0;1;0;0;1
2020;Puente Aranda;Hombre;Régimen excepcional;3;0;0;2;0;1;2
2020;Puente Aranda;Hombre;Subsidiado (EPSS);3;0;0;0;0;0;2
2020;Puente Aranda;Mujer;Contributivo (EPS);2;0;0;0;0;1;1
2020;Puente Aranda;Mujer;Contributivo (EPS);3;1;0;12;0;17;33
2020;Puente Aranda;Mujer;Régimen excepcional;3;0;0;1;0;2;6
2020;Puente Aranda;Mujer;Subsidiado (EPSS);3;0;0;0;0;1;4
2020;Rafael Uribe;Hombre;Contributivo (EPS);1;0;0;1;0;1;1
2020;Rafael Uribe;Hombre;Contributivo (EPS);2;1;2;2;2;15;22
2020;Rafael Uribe;Hombre;Contributivo (EPS);3;2;3;2;2;10;23
2020;Rafael Uribe;Hombre;Ninguno;2;0;0;0;0;1;1
2020;Rafael Uribe;Hombre;Subsidiado (EPSS);1;0;0;0;0;3;3
2020;Rafael Uribe;Hombre;Subsidiado (EPSS);2;1;2;2;1;5;10
2020;Rafael Uribe;Hombre;Subsidiado (EPSS);3;1;1;0;0;2;6
2020;Rafael Uribe;Mujer;Contributivo (EPS);2;2;0;1;1;11;19
2020;Rafael Uribe;Mujer;Contributivo (EPS);3;2;0;2;0;3;14
2020;Rafael Uribe;Mujer;Ninguno;1;0;1;0;0;1;2
2020;Rafael Uribe;Mujer;Ninguno;2;0;0;0;0;1;2
2020;Rafael Uribe;Mujer;Ninguno;3;0;0;0;0;1;2
2020;Rafael Uribe;Mujer;Régimen excepcional;2;0;1;1;0;1;2
2020;Rafael Uribe;Mujer;Subsidiado (EPSS);1;0;0;0;0;2;3
2020;Rafael Uribe;Mujer;Subsidiado (EPSS);2;3;1;0;0;9;18
2020;Rafael Uribe;Mujer;Subsidiado (EPSS);3;1;1;1;0;4;6
2020;San Cristóbal;Hombre;Contributivo (EPS);1;0;0;0;0;1;1
2020;San Cristóbal;Hombre;Contributivo (EPS);2;3;4;2;5;23;43
2020;San Cristóbal;Hombre;Contributivo (EPS);3;0;0;0;0;1;2
2020;San Cristóbal;Hombre;Ninguno;2;0;0;0;0;0;1
2020;San Cristóbal;Hombre;Ninguno;3;0;0;0;0;0;1
2020;San Cristóbal;Hombre;Régimen excepcional;2;0;0;0;0;1;1
2020;San Cristóbal;Hombre;Régimen excepcional;3;0;0;0;0;1;2
2020;San Cristóbal;Hombre;Subsidiado (EPSS);1;0;0;0;0;8;9
2020;San Cristóbal;Hombre;Subsidiado (EPSS);2;1;2;1;0;14;24
2020;San Cristóbal;Hombre;Subsidiado (EPSS);3;0;0;0;0;1;2
2020;San Cristóbal;Mujer;Contributivo (EPS);1;0;1;0;1;1;1
2020;San Cristóbal;Mujer;Contributivo (EPS);2;3;2;2;3;16;28
2020;San Cristóbal;Mujer;Contributivo (EPS);3;0;0;2;2;5;8
2020;San Cristóbal;Mujer;Régimen excepcional;2;0;0;0;0;1;1
2020;San Cristóbal;Mujer;Subsidiado (EPSS);1;0;0;0;0;8;9
2020;San Cristóbal;Mujer;Subsidiado (EPSS);2;0;0;0;0;17;27
2020;San Cristóbal;Mujer;Subsidiado (EPSS);3;1;0;0;0;2;4
2020;Santa Fe;Hombre;Contributivo (EPS);2;0;1;0;0;9;16
2020;Santa Fe;Hombre;Contributivo (EPS);3;1;0;0;0;2;4
2020;Santa Fe;Hombre;Ninguno;2;0;0;0;0;0;2
2020;Santa Fe;Hombre;Subsidiado (EPSS);2;1;2;2;0;12;18
2020;Santa Fe;Hombre;Subsidiado (EPSS);3;0;0;0;0;1;2
2020;Santa Fe;Mujer;Contributivo (EPS);1;0;0;0;0;1;1
2020;Santa Fe;Mujer;Contributivo (EPS);2;1;0;0;0;7;14
2020;Santa Fe;Mujer;Contributivo (EPS);3;0;0;0;0;4;5
2020;Santa Fe;Mujer;Ninguno;3;0;0;0;0;0;1
2020;Santa Fe;Mujer;Régimen excepcional;2;0;0;0;0;1;1
2020;Santa Fe;Mujer;Régimen excepcional;3;0;0;0;0;0;1
2020;Santa Fe;Mujer;Subsidiado (EPSS);1;0;0;0;0;1;2
2020;Santa Fe;Mujer;Subsidiado (EPSS);2;0;2;2;0;9;16
2020;Santa Fe;Mujer;Subsidiado (EPSS);3;0;0;0;0;0;1
2020;Suba;Hombre;Contributivo (EPS);2;11;4;15;2;32;102
2020;Suba;Hombre;Contributivo (EPS);3;2;2;0;0;16;70
2020;Suba;Hombre;Contributivo (EPS);4;0;0;2;0;0;5
2020;Suba;Hombre;Ninguno;2;0;0;0;0;0;1
2020;Suba;Hombre;Régimen excepcional;2;0;1;0;0;1;2
2020;Suba;Hombre;Régimen excepcional;3;0;0;0;0;1;3
2020;Suba;Hombre;Régimen excepcional;4;0;0;0;0;0;1
2020;Suba;Hombre;Subsidiado (EPSS);2;2;3;3;0;12;30
2020;Suba;Hombre;Subsidiado (EPSS);3;1;0;2;1;2;6
2020;Suba;Mujer;Contributivo (EPS);2;7;5;10;3;45;99
2020;Suba;Mujer;Contributivo (EPS);3;3;1;6;1;15;60
2020;Suba;Mujer;Contributivo (EPS);4;1;0;0;0;2;6
2020;Suba;Mujer;Ninguno;2;1;0;1;0;0;2
2020;Suba;Mujer;Régimen excepcional;2;0;0;1;0;2;5
2020;Suba;Mujer;Régimen excepcional;3;0;0;1;0;0;3
2020;Suba;Mujer;Subsidiado (EPSS);2;0;0;1;0;13;27
2020;Suba;Mujer;Subsidiado (EPSS);3;2;2;2;2;3;9
2020;Teusaquillo;Hombre;Contributivo (EPS);2;0;0;0;0;0;1
2020;Teusaquillo;Hombre;Contributivo (EPS);3;0;0;0;0;3;12
2020;Teusaquillo;Hombre;Contributivo (EPS);4;4;1;4;0;6;31
2020;Teusaquillo;Hombre;Subsidiado (EPSS);3;0;0;0;0;0;1
2020;Teusaquillo;Mujer;Contributivo (EPS);3;0;0;0;0;5;12
2020;Teusaquillo;Mujer;Contributivo (EPS);4;1;0;0;0;4;12
2020;Teusaquillo;Mujer;Régimen excepcional;3;0;0;1;0;0;2
2020;Teusaquillo;Mujer;Subsidiado (EPSS);3;0;0;0;0;1;3
2020;Teusaquillo;Mujer;Subsidiado (EPSS);4;0;0;0;0;0;1
2020;Tunjuelito;Hombre;Contributivo (EPS);2;0;2;3;0;9;29
2020;Tunjuelito;Hombre;Contributivo (EPS);3;1;1;1;0;2;4
2020;Tunjuelito;Hombre;Régimen excepcional;2;0;0;1;0;1;1
2020;Tunjuelito;Hombre;Subsidiado (EPSS);2;2;3;3;2;10;12
2020;Tunjuelito;Hombre;Subsidiado (EPSS);3;0;2;1;0;1;2
2020;Tunjuelito;Mujer;Contributivo (EPS);2;0;0;2;0;10;19
2020;Tunjuelito;Mujer;Contributivo (EPS);3;0;0;0;0;0;4
2020;Tunjuelito;Mujer;Ninguno;2;1;0;0;0;0;1
2020;Tunjuelito;Mujer;Régimen excepcional;2;0;0;0;0;0;1
2020;Tunjuelito;Mujer;Subsidiado (EPSS);2;0;1;2;0;7;9
2020;Tunjuelito;Mujer;Subsidiado (EPSS);3;0;0;0;0;1;2
2020;Usaquén;Hombre;Contributivo (EPS);1;0;0;0;0;1;2
2020;Usaquén;Hombre;Contributivo (EPS);2;2;1;1;1;5;19
2020;Usaquén;Hombre;Contributivo (EPS);3;2;0;1;1;3;22
2020;Usaquén;Hombre;Contributivo (EPS);4;3;2;2;0;0;6
2020;Usaquén;Hombre;Ninguno;1;0;0;0;0;0;1
2020;Usaquén;Hombre;Ninguno;2;0;0;0;0;0;1
2020;Usaquén;Hombre;Ninguno;3;0;0;0;0;0;1
2020;Usaquén;Hombre;Régimen excepcional;2;1;1;0;1;1;1
2020;Usaquén;Hombre;Régimen excepcional;3;0;0;0;0;1;1
2020;Usaquén;Hombre;Subsidiado (EPSS);2;1;0;0;0;2;5
2020;Usaquén;Hombre;Subsidiado (EPSS);3;0;0;1;0;3;5
2020;Usaquén;Mujer;Contributivo (EPS);1;0;0;0;0;1;2
2020;Usaquén;Mujer;Contributivo (EPS);2;0;0;0;1;5;18
2020;Usaquén;Mujer;Contributivo (EPS);3;1;1;1;0;9;18
2020;Usaquén;Mujer;Contributivo (EPS);4;0;0;0;0;1;6
2020;Usaquén;Mujer;Ninguno;2;1;0;1;0;0;1
2020;Usaquén;Mujer;Ninguno;4;0;0;0;0;0;1
2020;Usaquén;Mujer;Régimen excepcional;3;0;0;0;0;0;1
2020;Usaquén;Mujer;Subsidiado (EPSS);1;0;1;1;1;1;2
2020;Usaquén;Mujer;Subsidiado (EPSS);2;0;0;0;0;2;2
2020;Usaquén;Mujer;Subsidiado (EPSS);3;0;0;0;0;1;3
2020;Usme;Hombre;Contributivo (EPS);1;2;2;4;2;9;20
2020;Usme;Hombre;Contributivo (EPS);2;3;1;6;0;14;23
2020;Usme;Hombre;Régimen excepcional;2;0;0;0;0;0;1
2020;Usme;Hombre;Subsidiado (EPSS);1;1;1;0;0;9;17
2020;Usme;Hombre;Subsidiado (EPSS);2;2;2;1;0;4;11
2020;Usme;Mujer;Contributivo (EPS);1;3;3;1;0;10;25
2020;Usme;Mujer;Contributivo (EPS);2;1;1;6;0;16;20
2020;Usme;Mujer;Ninguno;1;1;1;0;1;2;3
2020;Usme;Mujer;Régimen excepcional;2;0;0;0;0;1;1
2020;Usme;Mujer;Subsidiado (EPSS);1;2;3;0;1;3;12
2020;Usme;Mujer;Subsidiado (EPSS);2;2;0;1;1;6;8
2021;Antonio Nariño;Hombre;Contributivo (EPS);2;0;0;0;0;0;1
2021;Antonio Nariño;Hombre;Contributivo (EPS);3;1;2;3;1;14;29
2021;Antonio Nariño;Hombre;Régimen excepcional;3;0;0;0;0;1;1
2021;Antonio Nariño;Hombre;Subsidiado (EPSS);2;0;0;0;0;0;2
2021;Antonio Nariño;Hombre;Subsidiado (EPSS);3;1;0;1;0;6;12
2021;Antonio Nariño;Mujer;Contributivo (EPS);2;0;0;0;0;1;4
2021;Antonio Nariño;Mujer;Contributivo (EPS);3;2;1;3;2;20;37
2021;Antonio Nariño;Mujer;Régimen excepcional;3;0;0;0;0;2;2
2021;Antonio Nariño;Mujer;Subsidiado (EPSS);2;0;0;0;0;2;4
2021;Antonio Nariño;Mujer;Subsidiado (EPSS);3;0;0;0;0;5;11
2021;Barrios Unidos;Hombre;Contributivo (EPS);2;0;0;0;0;0;1
2021;Barrios Unidos;Hombre;Contributivo (EPS);3;1;3;5;1;7;28
2021;Barrios Unidos;Hombre;Contributivo (EPS);4;0;0;0;0;3;7
2021;Barrios Unidos;Hombre;Ninguno;3;0;0;0;0;0;2
2021;Barrios Unidos;Hombre;Régimen excepcional;3;0;0;0;0;0;1
2021;Barrios Unidos;Hombre;Subsidiado (EPSS);2;0;0;0;0;0;1
2021;Barrios Unidos;Hombre;Subsidiado (EPSS);3;0;0;0;0;1;12
2021;Barrios Unidos;Hombre;Subsidiado (EPSS);4;0;0;0;0;0;1
2021;Barrios Unidos;Mujer;Contributivo (EPS);2;0;0;0;0;0;1
2021;Barrios Unidos;Mujer;Contributivo (EPS);3;1;2;2;0;4;20
2021;Barrios Unidos;Mujer;Contributivo (EPS);4;0;0;0;0;4;7
2021;Barrios Unidos;Mujer;Ninguno;4;0;0;0;0;0;1
2021;Barrios Unidos;Mujer;Régimen excepcional;3;0;0;0;0;0;1
2021;Barrios Unidos;Mujer;Subsidiado (EPSS);3;0;0;0;0;3;17
2021;Bosa;Hombre;Contributivo (EPS);1;0;0;0;0;3;5
2021;Bosa;Hombre;Contributivo (EPS);2;2;1;9;0;19;126
2021;Bosa;Hombre;Contributivo (EPS);3;0;0;1;0;0;6
2021;Bosa;Hombre;Régimen excepcional;1;0;0;1;0;0;2
2021;Bosa;Hombre;Régimen excepcional;2;0;0;1;0;0;5
2021;Bosa;Hombre;Subsidiado (EPSS);1;0;0;0;0;1;2
2021;Bosa;Hombre;Subsidiado (EPSS);2;3;2;7;0;7;52
2021;Bosa;Mujer;Contributivo (EPS);1;0;0;0;0;1;4
2021;Bosa;Mujer;Contributivo (EPS);2;2;0;10;0;29;112
2021;Bosa;Mujer;Contributivo (EPS);3;0;0;2;0;3;5
2021;Bosa;Mujer;Ninguno;1;0;0;0;0;0;1
2021;Bosa;Mujer;Ninguno;2;0;0;0;0;0;3
2021;Bosa;Mujer;Régimen excepcional;2;0;0;0;0;1;8
2021;Bosa;Mujer;Subsidiado (EPSS);1;0;0;0;0;0;2
2021;Bosa;Mujer;Subsidiado (EPSS);2;0;0;8;0;9;52
2021;Candelaria;Hombre;Contributivo (EPS);1;0;0;0;0;1;2
2021;Candelaria;Hombre;Contributivo (EPS);2;0;0;1;1;10;18
2021;Candelaria;Hombre;Contributivo (EPS);3;0;0;0;0;0;1
2021;Candelaria;Hombre;Subsidiado (EPSS);1;0;0;0;0;0;1
2021;Candelaria;Hombre;Subsidiado (EPSS);2;0;1;1;0;3;5
2021;Candelaria;Mujer;Contributivo (EPS);2;0;2;0;1;6;13
2021;Candelaria;Mujer;Contributivo (EPS);3;0;0;0;0;0;1
2021;Candelaria;Mujer;Régimen excepcional;2;0;0;0;0;0;1
2021;Candelaria;Mujer;Subsidiado (EPSS);1;0;0;0;0;1;1
2021;Candelaria;Mujer;Subsidiado (EPSS);2;0;0;0;0;4;8
2021;Candelaria;Mujer;Subsidiado (EPSS);3;0;0;0;0;1;1
2021;Chapinero;Hombre;Contributivo (EPS);1;1;0;0;0;2;8
2021;Chapinero;Hombre;Contributivo (EPS);2;1;0;1;0;5;21
2021;Chapinero;Hombre;Contributivo (EPS);3;0;0;1;0;0;5
2021;Chapinero;Hombre;Contributivo (EPS);4;1;1;0;0;1;2
2021;Chapinero;Hombre;Régimen excepcional;2;0;0;0;0;0;1
2021;Chapinero;Hombre;Subsidiado (EPSS);1;0;0;0;0;1;2
2021;Chapinero;Hombre;Subsidiado (EPSS);2;1;1;1;0;4;13
2021;Chapinero;Hombre;Subsidiado (EPSS);3;0;0;1;0;1;2
2021;Chapinero;Mujer;Contributivo (EPS);1;0;0;2;0;1;4
2021;Chapinero;Mujer;Contributivo (EPS);2;0;1;1;0;6;20
2021;Chapinero;Mujer;Contributivo (EPS);3;0;0;0;0;1;6
2021;Chapinero;Mujer;Ninguno;2;0;0;0;0;0;1
2021;Chapinero;Mujer;Régimen excepcional;1;0;0;0;0;0;1
2021;Chapinero;Mujer;Régimen excepcional;2;0;0;0;0;0;1
2021;Chapinero;Mujer;Subsidiado (EPSS);1;0;0;0;0;1;5
2021;Chapinero;Mujer;Subsidiado (EPSS);2;0;0;2;0;4;10
2021;Chapinero;Mujer;Subsidiado (EPSS);3;0;0;0;0;1;2
2021;Ciudad Bolívar;Hombre;Contributivo (EPS);1;2;2;10;1;33;105
2021;Ciudad Bolívar;Hombre;Contributivo (EPS);2;3;5;3;0;16;58
2021;Ciudad Bolívar;Hombre;Contributivo (EPS);3;0;0;1;0;0;1
2021;Ciudad Bolívar;Hombre;Ninguno;1;0;0;1;0;0;1
2021;Ciudad Bolívar;Hombre;Ninguno;2;1;0;1;0;1;2
2021;Ciudad Bolívar;Hombre;Régimen excepcional;1;0;0;0;0;0;2
2021;Ciudad Bolívar;Hombre;Régimen excepcional;2;0;0;0;0;1;4
2021;Ciudad Bolívar;Hombre;Subsidiado (EPSS);1;7;4;8;1;21;72
2021;Ciudad Bolívar;Hombre;Subsidiado (EPSS);2;1;0;1;0;4;20
2021;Ciudad Bolívar;Mujer;Contributivo (EPS);1;1;2;8;0;33;84
2021;Ciudad Bolívar;Mujer;Contributivo (EPS);2;3;2;6;1;6;45
2021;Ciudad Bolívar;Mujer;Contributivo (EPS);3;0;0;0;0;0;2
2021;Ciudad Bolívar;Mujer;Ninguno;1;0;1;0;0;1;3
2021;Ciudad Bolívar;Mujer;Régimen excepcional;1;0;0;0;0;0;1
2021;Ciudad Bolívar;Mujer;Régimen excepcional;2;0;1;0;0;0;2
2021;Ciudad Bolívar;Mujer;Subsidiado (EPSS);1;1;2;11;0;16;63
2021;Ciudad Bolívar;Mujer;Subsidiado (EPSS);2;2;0;1;0;2;16
2021;Engativá;Hombre;Contributivo (EPS);2;1;2;6;0;5;33
2021;Engativá;Hombre;Contributivo (EPS);3;1;4;9;1;23;86
2021;Engativá;Hombre;Ninguno;2;0;0;0;0;1;1
2021;Engativá;Hombre;Ninguno;3;0;0;0;0;0;2
2021;Engativá;Hombre;Régimen excepcional;2;0;0;0;0;0;1
2021;Engativá;Hombre;Régimen excepcional;3;0;1;2;0;1;3
2021;Engativá;Hombre;Subsidiado (EPSS);2;0;0;2;0;2;11
2021;Engativá;Hombre;Subsidiado (EPSS);3;0;0;2;0;7;38
2021;Engativá;Mujer;Contributivo (EPS);2;0;0;2;1;5;35
2021;Engativá;Mujer;Contributivo (EPS);3;1;6;12;2;22;86
2021;Engativá;Mujer;Contributivo (EPS);4;0;0;0;0;1;2
2021;Engativá;Mujer;Ninguno;2;0;0;1;0;0;2
2021;Engativá;Mujer;Ninguno;3;0;0;1;0;1;4
2021;Engativá;Mujer;Subsidiado (EPSS);2;0;1;1;1;4;14
2021;Engativá;Mujer;Subsidiado (EPSS);3;0;0;0;0;4;24
2021;Fontibón;Hombre;Contributivo (EPS);2;0;0;0;0;1;12
2021;Fontibón;Hombre;Contributivo (EPS);3;0;0;7;0;10;36
2021;Fontibón;Hombre;Contributivo (EPS);4;0;0;1;0;1;7
2021;Fontibón;Hombre;Ninguno;3;0;0;0;0;0;1
2021;Fontibón;Hombre;Régimen excepcional;3;0;0;1;0;0;2
2021;Fontibón;Hombre;Régimen excepcional;4;0;0;0;0;0;1
2021;Fontibón;Hombre;Subsidiado (EPSS);2;0;0;0;0;2;6
2021;Fontibón;Hombre;Subsidiado (EPSS);3;0;0;1;0;2;7
2021;Fontibón;Hombre;Subsidiado (EPSS);4;0;0;0;0;0;1
2021;Fontibón;Mujer;Contributivo (EPS);2;0;0;1;0;6;16
2021;Fontibón;Mujer;Contributivo (EPS);3;2;0;8;0;15;33
2021;Fontibón;Mujer;Contributivo (EPS);4;0;0;3;0;5;11
2021;Fontibón;Mujer;Ninguno;2;0;0;0;0;0;1
2021;Fontibón;Mujer;Ninguno;3;0;0;0;0;0;1
2021;Fontibón;Mujer;Régimen excepcional;2;0;0;0;0;0;1
2021;Fontibón;Mujer;Régimen excepcional;3;0;0;0;0;0;1
2021;Fontibón;Mujer;Subsidiado (EPSS);2;1;0;2;0;4;9
2021;Fontibón;Mujer;Subsidiado (EPSS);3;0;0;1;0;2;10
2021;Kennedy;Hombre;Contributivo (EPS);2;0;1;15;0;27;103
2021;Kennedy;Hombre;Contributivo (EPS);3;5;2;19;2;28;84
2021;Kennedy;Hombre;Contributivo (EPS);4;0;0;0;0;0;1
2021;Kennedy;Hombre;Ninguno;2;0;0;0;0;2;8
2021;Kennedy;Hombre;Ninguno;3;0;0;1;0;1;4
2021;Kennedy;Hombre;Régimen excepcional;2;0;0;1;0;2;5
2021;Kennedy;Hombre;Régimen excepcional;3;0;0;1;0;0;3
2021;Kennedy;Hombre;Subsidiado (EPSS);2;2;0;5;0;14;54
2021;Kennedy;Hombre;Subsidiado (EPSS);3;1;0;4;0;2;18
2021;Kennedy;Mujer;Contributivo (EPS);2;2;0;18;0;33;112
2021;Kennedy;Mujer;Contributivo (EPS);3;0;1;8;0;12;41
2021;Kennedy;Mujer;Contributivo (EPS);4;0;0;0;0;0;1
2021;Kennedy;Mujer;Ninguno;2;0;1;2;0;2;7
2021;Kennedy;Mujer;Ninguno;3;0;0;0;0;1;3
2021;Kennedy;Mujer;Régimen excepcional;2;0;0;3;0;0;10
2021;Kennedy;Mujer;Régimen excepcional;3;0;0;0;0;0;2
2021;Kennedy;Mujer;Subsidiado (EPSS);2;0;0;3;0;13;53
2021;Kennedy;Mujer;Subsidiado (EPSS);3;0;0;4;0;4;17
2021;Mártires;Hombre;Contributivo (EPS);2;0;0;0;0;2;4
2021;Mártires;Hombre;Contributivo (EPS);3;0;1;2;0;8;26
2021;Mártires;Hombre;Ninguno;3;0;0;0;0;0;3
2021;Mártires;Hombre;Régimen excepcional;3;0;0;0;0;0;1
2021;Mártires;Hombre;Subsidiado (EPSS);2;0;0;1;0;0;3
2021;Mártires;Hombre;Subsidiado (EPSS);3;0;1;3;0;3;10
2021;Mártires;Mujer;Contributivo (EPS);2;0;1;1;0;3;4
2021;Mártires;Mujer;Contributivo (EPS);3;3;1;2;2;13;30
2021;Mártires;Mujer;Ninguno;3;0;0;0;0;1;2
2021;Mártires;Mujer;Régimen excepcional;3;0;0;0;0;1;5
2021;Mártires;Mujer;Subsidiado (EPSS);2;0;0;0;0;0;1
2021;Mártires;Mujer;Subsidiado (EPSS);3;0;0;1;1;9;13
2021;Puente Aranda;Hombre;Contributivo (EPS);3;0;0;9;0;17;46
2021;Puente Aranda;Hombre;Régimen excepcional;3;0;0;0;0;0;1
2021;Puente Aranda;Hombre;Subsidiado (EPSS);3;0;0;3;0;2;7
2021;Puente Aranda;Mujer;Contributivo (EPS);2;0;0;0;0;0;1
2021;Puente Aranda;Mujer;Contributivo (EPS);3;0;0;6;0;15;34
2021;Puente Aranda;Mujer;Ninguno;3;0;0;0;0;0;1
2021;Puente Aranda;Mujer;Régimen excepcional;3;0;0;0;0;0;1
2021;Puente Aranda;Mujer;Subsidiado (EPSS);3;0;0;2;0;5;9
2021;Rafael Uribe;Hombre;Contributivo (EPS);1;1;0;1;0;6;10
2021;Rafael Uribe;Hombre;Contributivo (EPS);2;5;1;3;3;11;29
2021;Rafael Uribe;Hombre;Contributivo (EPS);3;0;0;4;0;3;15
2021;Rafael Uribe;Hombre;Ninguno;3;0;0;0;0;1;1
2021;Rafael Uribe;Hombre;Régimen excepcional;2;0;0;0;0;1;1
2021;Rafael Uribe;Hombre;Régimen excepcional;3;0;1;0;0;2;2
2021;Rafael Uribe;Hombre;Subsidiado (EPSS);1;2;0;0;1;4;7
2021;Rafael Uribe;Hombre;Subsidiado (EPSS);2;1;0;2;1;8;17
2021;Rafael Uribe;Hombre;Subsidiado (EPSS);3;0;0;0;0;4;6
2021;Rafael Uribe;Mujer;Contributivo (EPS);1;0;0;1;0;0;5
2021;Rafael Uribe;Mujer;Contributivo (EPS);2;0;0;0;1;11;21
2021;Rafael Uribe;Mujer;Contributivo (EPS);3;2;1;2;1;6;13
2021;Rafael Uribe;Mujer;Ninguno;3;0;0;0;0;1;1
2021;Rafael Uribe;Mujer;Régimen excepcional;2;0;0;0;0;1;1
2021;Rafael Uribe;Mujer;Régimen excepcional;3;0;0;0;0;1;2
2021;Rafael Uribe;Mujer;Subsidiado (EPSS);1;0;0;1;0;3;5
2021;Rafael Uribe;Mujer;Subsidiado (EPSS);2;0;0;2;0;5;12
2021;Rafael Uribe;Mujer;Subsidiado (EPSS);3;0;0;2;0;3;5
2021;San Cristóbal;Hombre;Contributivo (EPS);1;1;0;0;0;1;2
2021;San Cristóbal;Hombre;Contributivo (EPS);2;2;0;3;0;27;55
2021;San Cristóbal;Hombre;Contributivo (EPS);3;0;0;1;0;3;6
2021;San Cristóbal;Hombre;Ninguno;2;0;0;0;0;0;1
2021;San Cristóbal;Hombre;Ninguno;3;0;0;0;0;0;1
2021;San Cristóbal;Hombre;Régimen excepcional;2;0;0;0;0;0;1
2021;San Cristóbal;Hombre;Régimen excepcional;3;0;0;0;0;0;1
2021;San Cristóbal;Hombre;Subsidiado (EPSS);2;1;1;1;0;9;19
2021;San Cristóbal;Mujer;Contributivo (EPS);1;0;0;0;0;1;2
2021;San Cristóbal;Mujer;Contributivo (EPS);2;0;1;4;0;29;50
2021;San Cristóbal;Mujer;Contributivo (EPS);3;0;0;0;0;2;3
2021;San Cristóbal;Mujer;Ninguno;2;1;0;0;0;0;1
2021;San Cristóbal;Mujer;Régimen excepcional;2;0;0;2;0;2;4
2021;San Cristóbal;Mujer;Régimen excepcional;3;0;0;0;0;1;1
2021;San Cristóbal;Mujer;Subsidiado (EPSS);1;0;0;0;0;1;1
2021;San Cristóbal;Mujer;Subsidiado (EPSS);2;1;0;1;0;16;21
2021;San Cristóbal;Mujer;Subsidiado (EPSS);3;0;0;0;0;2;2
2021;Santa Fe;Hombre;Contributivo (EPS);1;0;0;0;0;1;1
2021;Santa Fe;Hombre;Contributivo (EPS);2;1;1;2;1;12;27
2021;Santa Fe;Hombre;Contributivo (EPS);3;0;0;0;0;0;1
2021;Santa Fe;Hombre;Régimen excepcional;2;1;1;0;1;2;2
2021;Santa Fe;Hombre;Subsidiado (EPSS);1;0;0;0;0;0;3
2021;Santa Fe;Hombre;Subsidiado (EPSS);2;2;1;1;2;19;30
2021;Santa Fe;Mujer;Contributivo (EPS);1;0;0;0;0;2;2
2021;Santa Fe;Mujer;Contributivo (EPS);2;1;0;5;3;16;24
2021;Santa Fe;Mujer;Contributivo (EPS);3;0;0;0;0;0;2
2021;Santa Fe;Mujer;Ninguno;1;0;0;0;0;0;1
2021;Santa Fe;Mujer;Régimen excepcional;2;0;0;0;0;1;2
2021;Santa Fe;Mujer;Subsidiado (EPSS);2;0;0;2;0;9;17
2021;Santa Fe;Mujer;Subsidiado (EPSS);3;0;0;0;0;0;2
2021;Suba;Hombre;Contributivo (EPS);2;8;12;18;5;36;144
2021;Suba;Hombre;Contributivo (EPS);3;3;2;10;1;12;65
2021;Suba;Hombre;Contributivo (EPS);4;0;0;1;0;3;11
2021;Suba;Hombre;Ninguno;2;0;0;0;0;1;6
2021;Suba;Hombre;Ninguno;3;0;0;0;0;1;1
2021;Suba;Hombre;Régimen excepcional;2;0;0;0;0;0;1
2021;Suba;Hombre;Régimen excepcional;3;0;0;0;0;1;2
2021;Suba;Hombre;Subsidiado (EPSS);2;0;4;3;0;20;43
2021;Suba;Hombre;Subsidiado (EPSS);3;0;0;0;0;0;6
2021;Suba;Hombre;Subsidiado (EPSS);4;0;0;0;0;1;1
2021;Suba;Mujer;Contributivo (EPS);1;1;0;0;0;0;1
2021;Suba;Mujer;Contributivo (EPS);2;2;6;17;3;35;113
2021;Suba;Mujer;Contributivo (EPS);3;3;0;9;1;13;50
2021;Suba;Mujer;Contributivo (EPS);4;1;2;4;0;4;15
2021;Suba;Mujer;Ninguno;2;0;0;0;1;1;5
2021;Suba;Mujer;Ninguno;3;0;0;0;0;0;1
2021;Suba;Mujer;Ninguno;4;0;0;0;0;0;1
2021;Suba;Mujer;Régimen excepcional;2;0;0;1;0;2;5
2021;Suba;Mujer;Régimen excepcional;3;0;0;0;0;0;3
2021;Suba;Mujer;Subsidiado (EPSS);1;0;0;0;0;1;1
2021;Suba;Mujer;Subsidiado (EPSS);2;2;0;6;0;10;39
2021;Suba;Mujer;Subsidiado (EPSS);3;2;0;2;0;1;6
2021;Teusaquillo;Hombre;Contributivo (EPS);3;0;0;0;0;0;2
2021;Teusaquillo;Hombre;Contributivo (EPS);4;1;1;3;1;15;45
2021;Teusaquillo;Hombre;Ninguno;4;0;0;0;0;1;1
2021;Teusaquillo;Hombre;Régimen excepcional;4;1;0;1;0;1;2
2021;Teusaquillo;Hombre;Subsidiado (EPSS);3;0;0;0;0;1;2
2021;Teusaquillo;Hombre;Subsidiado (EPSS);4;0;1;1;0;1;4
2021;Teusaquillo;Mujer;Contributivo (EPS);3;0;0;0;0;2;7
2021;Teusaquillo;Mujer;Contributivo (EPS);4;0;1;9;1;14;47
2021;Teusaquillo;Mujer;Régimen excepcional;4;0;0;0;0;1;4
2021;Teusaquillo;Mujer;Subsidiado (EPSS);3;1;0;0;0;0;4
2021;Teusaquillo;Mujer;Subsidiado (EPSS);4;0;1;0;0;1;4
2021;Tunjuelito;Hombre;Contributivo (EPS);2;0;1;4;0;9;37
2021;Tunjuelito;Hombre;Contributivo (EPS);3;0;0;1;0;2;13
2021;Tunjuelito;Hombre;Ninguno;2;0;0;0;0;1;1
2021;Tunjuelito;Hombre;Ninguno;3;0;0;0;0;1;2
2021;Tunjuelito;Hombre;Régimen excepcional;2;0;0;0;0;0;2
2021;Tunjuelito;Hombre;Régimen excepcional;3;0;0;0;0;0;1
2021;Tunjuelito;Hombre;Subsidiado (EPSS);2;0;2;2;0;3;13
2021;Tunjuelito;Hombre;Subsidiado (EPSS);3;0;0;1;0;1;3
2021;Tunjuelito;Mujer;Contributivo (EPS);2;0;1;2;0;9;34
2021;Tunjuelito;Mujer;Contributivo (EPS);3;0;0;2;0;3;16
2021;Tunjuelito;Mujer;Ninguno;2;0;0;1;0;0;2
2021;Tunjuelito;Mujer;Régimen excepcional;2;0;0;0;0;1;1
2021;Tunjuelito;Mujer;Subsidiado (EPSS);2;1;0;1;0;3;17
2021;Tunjuelito;Mujer;Subsidiado (EPSS);3;0;0;0;0;0;3
2021;Usaquén;Hombre;Contributivo (EPS);1;0;0;0;0;1;4
2021;Usaquén;Hombre;Contributivo (EPS);2;0;0;1;0;5;27
2021;Usaquén;Hombre;Contributivo (EPS);3;0;0;0;0;2;6
2021;Usaquén;Hombre;Contributivo (EPS);4;0;0;0;0;2;6
2021;Usaquén;Hombre;Subsidiado (EPSS);1;0;0;0;0;0;3
2021;Usaquén;Hombre;Subsidiado (EPSS);2;0;0;0;0;1;10
2021;Usaquén;Hombre;Subsidiado (EPSS);3;0;1;0;0;0;4
2021;Usaquén;Mujer;Contributivo (EPS);1;0;0;1;1;2;4
2021;Usaquén;Mujer;Contributivo (EPS);2;1;0;0;0;10;30
2021;Usaquén;Mujer;Contributivo (EPS);3;0;1;0;0;2;13
2021;Usaquén;Mujer;Contributivo (EPS);4;0;0;0;0;3;8
2021;Usaquén;Mujer;Subsidiado (EPSS);1;0;0;1;0;0;2
2021;Usaquén;Mujer;Subsidiado (EPSS);2;0;0;0;0;4;10
2021;Usaquén;Mujer;Subsidiado (EPSS);3;0;0;0;0;0;3
2021;Usme;Hombre;Contributivo (EPS);1;2;2;13;0;13;49
2021;Usme;Hombre;Contributivo (EPS);2;2;1;7;0;13;40
2021;Usme;Hombre;Ninguno;1;0;0;1;0;1;1
2021;Usme;Hombre;Ninguno;2;0;0;0;0;0;1
2021;Usme;Hombre;Régimen excepcional;2;0;0;1;0;0;2
2021;Usme;Hombre;Subsidiado (EPSS);1;0;0;4;0;9;24
2021;Usme;Hombre;Subsidiado (EPSS);2;0;0;2;0;7;16
2021;Usme;Mujer;Contributivo (EPS);1;2;1;6;0;9;26
2021;Usme;Mujer;Contributivo (EPS);2;1;0;9;0;13;36
2021;Usme;Mujer;Ninguno;1;0;0;2;0;1;2
2021;Usme;Mujer;Régimen excepcional;2;0;0;0;0;1;1
2021;Usme;Mujer;Subsidiado (EPSS);1;0;0;4;0;3;16
2021;Usme;Mujer;Subsidiado (EPSS);2;0;0;4;0;3;10
2022;Antonio Nariño;Hombre;Contributivo (EPS);2;0;0;0;0;2;3
2022;Antonio Nariño;Hombre;Contributivo (EPS);3;3;3;2;7;18;29
2022;Antonio Nariño;Hombre;Ninguno;3;0;0;0;0;1;1
2022;Antonio Nariño;Hombre;Régimen excepcional;3;1;0;1;0;1;2
2022;Antonio Nariño;Hombre;Subsidiado (EPSS);2;0;0;0;0;0;2
2022;Antonio Nariño;Hombre;Subsidiado (EPSS);3;2;2;0;0;1;7
2022;Antonio Nariño;Mujer;Contributivo (EPS);2;0;0;0;0;2;3
2022;Antonio Nariño;Mujer;Contributivo (EPS);3;3;6;6;6;13;32
2022;Antonio Nariño;Mujer;Ninguno;3;0;0;0;0;0;1
2022;Antonio Nariño;Mujer;Régimen excepcional;3;0;1;0;0;2;3
2022;Antonio Nariño;Mujer;Subsidiado (EPSS);2;0;0;0;1;2;2
2022;Antonio Nariño;Mujer;Subsidiado (EPSS);3;1;2;0;1;6;6
2022;Barrios Unidos;Hombre;Contributivo (EPS);3;3;5;5;4;10;21
2022;Barrios Unidos;Hombre;Subsidiado (EPSS);3;0;1;0;0;3;8
2022;Barrios Unidos;Mujer;Contributivo (EPS);3;3;0;6;1;8;20
2022;Barrios Unidos;Mujer;Régimen excepcional;3;1;0;0;0;0;1
2022;Barrios Unidos;Mujer;Subsidiado (EPSS);2;0;0;0;0;1;1
2022;Barrios Unidos;Mujer;Subsidiado (EPSS);3;1;0;1;1;2;5
2022;Bosa;Hombre;Contributivo (EPS);1;0;0;5;0;8;16
2022;Bosa;Hombre;Contributivo (EPS);2;2;0;31;0;36;104
2022;Bosa;Hombre;Contributivo (EPS);3;0;0;0;0;0;1
2022;Bosa;Hombre;Ninguno;1;0;0;1;0;0;1
2022;Bosa;Hombre;Ninguno;2;0;0;0;0;0;3
2022;Bosa;Hombre;Régimen excepcional;2;0;0;2;0;1;3
2022;Bosa;Hombre;Régimen excepcional;3;0;0;0;0;0;1
2022;Bosa;Hombre;Subsidiado (EPSS);1;0;0;0;0;1;4
2022;Bosa;Hombre;Subsidiado (EPSS);2;2;0;13;0;12;46
2022;Bosa;Mujer;Contributivo (EPS);1;0;0;1;0;3;11
2022;Bosa;Mujer;Contributivo (EPS);2;5;0;26;1;41;86
2022;Bosa;Mujer;Ninguno;2;0;0;0;0;1;2
2022;Bosa;Mujer;Régimen excepcional;2;0;0;2;0;3;4
2022;Bosa;Mujer;Subsidiado (EPSS);1;1;0;0;0;1;6
2022;Bosa;Mujer;Subsidiado (EPSS);2;1;0;11;0;6;40
2022;Candelaria;Hombre;Contributivo (EPS);2;0;0;0;1;6;9
2022;Candelaria;Hombre;Subsidiado (EPSS);2;0;0;0;1;4;9
2022;Candelaria;Mujer;Contributivo (EPS);2;1;1;1;2;6;13
2022;Candelaria;Mujer;Contributivo (EPS);3;0;0;0;0;2;3
2022;Candelaria;Mujer;Régimen excepcional;2;1;0;0;0;0;1
2022;Candelaria;Mujer;Subsidiado (EPSS);2;0;0;0;2;4;8
2022;Candelaria;Mujer;Subsidiado (EPSS);3;0;0;0;0;1;1
2022;Chapinero;Hombre;Contributivo (EPS);1;2;1;2;1;3;7
2022;Chapinero;Hombre;Contributivo (EPS);2;1;2;3;2;6;10
2022;Chapinero;Hombre;Contributivo (EPS);3;0;1;1;1;1;1
2022;Chapinero;Hombre;Subsidiado (EPSS);2;1;2;1;1;1;5
2022;Chapinero;Mujer;Contributivo (EPS);1;0;1;0;1;1;1
2022;Chapinero;Mujer;Contributivo (EPS);2;2;3;1;1;5;8
2022;Chapinero;Mujer;Ninguno;2;0;0;0;0;1;1
2022;Chapinero;Mujer;Régimen excepcional;1;0;0;1;0;1;1
2022;Chapinero;Mujer;Régimen excepcional;2;1;1;1;0;0;2
2022;Chapinero;Mujer;Subsidiado (EPSS);1;0;1;0;1;1;1
2022;Chapinero;Mujer;Subsidiado (EPSS);2;0;1;1;0;3;7
2022;Ciudad Bolívar;Hombre;Contributivo (EPS);1;7;7;34;5;33;95
2022;Ciudad Bolívar;Hombre;Contributivo (EPS);2;5;2;11;4;22;44
2022;Ciudad Bolívar;Hombre;Contributivo (EPS);3;0;0;0;0;0;1
2022;Ciudad Bolívar;Hombre;Ninguno;1;0;0;0;0;0;1
2022;Ciudad Bolívar;Hombre;Régimen excepcional;1;0;1;1;0;1;4
2022;Ciudad Bolívar;Hombre;Subsidiado (EPSS);1;7;4;18;1;19;59
2022;Ciudad Bolívar;Hombre;Subsidiado (EPSS);2;1;1;1;0;7;13
2022;Ciudad Bolívar;Mujer;Contributivo (EPS);1;6;8;21;3;30;67
2022;Ciudad Bolívar;Mujer;Contributivo (EPS);2;5;1;8;0;7;32
2022;Ciudad Bolívar;Mujer;Contributivo (EPS);3;0;0;0;0;1;1
2022;Ciudad Bolívar;Mujer;Ninguno;1;0;0;0;0;0;1
2022;Ciudad Bolívar;Mujer;Ninguno;2;0;0;0;0;0;1
2022;Ciudad Bolívar;Mujer;Régimen excepcional;1;0;0;0;0;0;1
2022;Ciudad Bolívar;Mujer;Régimen excepcional;2;1;1;1;0;1;1
2022;Ciudad Bolívar;Mujer;Subsidiado (EPSS);1;4;3;25;3;20;67
2022;Ciudad Bolívar;Mujer;Subsidiado (EPSS);2;0;0;1;2;6;11
2022;Engativá;Hombre;Contributivo (EPS);1;0;1;1;1;2;4
2022;Engativá;Hombre;Contributivo (EPS);2;3;3;6;2;6;25
2022;Engativá;Hombre;Contributivo (EPS);3;9;8;13;6;24;51
2022;Engativá;Hombre;Ninguno;3;0;0;0;0;0;1
2022;Engativá;Hombre;Régimen excepcional;3;0;0;1;0;1;3
2022;Engativá;Hombre;Subsidiado (EPSS);1;0;0;0;0;0;2
2022;Engativá;Hombre;Subsidiado (EPSS);2;7;4;7;2;5;18
2022;Engativá;Hombre;Subsidiado (EPSS);3;1;3;4;0;5;17
2022;Engativá;Mujer;Contributivo (EPS);1;0;0;1;0;1;3
2022;Engativá;Mujer;Contributivo (EPS);2;4;4;5;2;11;26
2022;Engativá;Mujer;Contributivo (EPS);3;2;10;5;3;14;30
2022;Engativá;Mujer;Contributivo (EPS);4;0;1;1;0;0;3
2022;Engativá;Mujer;Ninguno;2;0;0;0;0;0;2
2022;Engativá;Mujer;Régimen excepcional;2;0;0;0;0;0;1
2022;Engativá;Mujer;Subsidiado (EPSS);1;0;0;1;0;1;2
2022;Engativá;Mujer;Subsidiado (EPSS);2;3;3;5;1;5;16
2022;Engativá;Mujer;Subsidiado (EPSS);3;0;1;2;0;0;7
2022;Fontibón;Hombre;Contributivo (EPS);2;3;0;6;0;9;24
2022;Fontibón;Hombre;Contributivo (EPS);3;1;1;7;0;13;36
2022;Fontibón;Hombre;Contributivo (EPS);4;1;0;3;0;5;11
2022;Fontibón;Hombre;Ninguno;3;0;0;0;0;1;1
2022;Fontibón;Hombre;Régimen excepcional;3;0;0;0;0;0;1
2022;Fontibón;Hombre;Régimen excepcional;4;1;0;1;1;1;1
2022;Fontibón;Hombre;Subsidiado (EPSS);2;1;0;0;0;1;4
2022;Fontibón;Hombre;Subsidiado (EPSS);3;2;1;2;0;4;12
2022;Fontibón;Mujer;Contributivo (EPS);2;2;0;6;0;7;17
2022;Fontibón;Mujer;Contributivo (EPS);3;0;0;4;0;6;22
2022;Fontibón;Mujer;Contributivo (EPS);4;1;1;4;1;5;8
2022;Fontibón;Mujer;Contributivo (EPS);5;0;0;1;0;0;2
2022;Fontibón;Mujer;Ninguno;2;0;0;0;0;0;1
2022;Fontibón;Mujer;Ninguno;3;1;0;0;0;0;1
2022;Fontibón;Mujer;Régimen excepcional;3;0;0;0;0;0;2
2022;Fontibón;Mujer;Subsidiado (EPSS);2;0;0;0;0;1;3
2022;Fontibón;Mujer;Subsidiado (EPSS);3;0;0;3;0;2;3
2022;Fontibón;Mujer;Subsidiado (EPSS);4;0;0;0;0;0;2
2022;Kennedy;Hombre;Contributivo (EPS);1;0;0;0;0;0;1
2022;Kennedy;Hombre;Contributivo (EPS);2;6;0;33;1;36;86
2022;Kennedy;Hombre;Contributivo (EPS);3;3;2;14;2;15;33
2022;Kennedy;Hombre;Ninguno;2;0;0;2;0;1;2
2022;Kennedy;Hombre;Ninguno;3;0;0;1;0;1;2
2022;Kennedy;Hombre;Régimen excepcional;2;1;0;5;0;4;7
2022;Kennedy;Hombre;Régimen excepcional;3;1;0;3;0;3;7
2022;Kennedy;Hombre;Subsidiado (EPSS);1;0;0;0;0;0;1
2022;Kennedy;Hombre;Subsidiado (EPSS);2;2;0;9;0;10;28
2022;Kennedy;Hombre;Subsidiado (EPSS);3;0;0;3;0;1;9
2022;Kennedy;Mujer;Contributivo (EPS);1;0;0;2;0;1;3
2022;Kennedy;Mujer;Contributivo (EPS);2;3;0;25;1;27;55
2022;Kennedy;Mujer;Contributivo (EPS);3;2;0;13;0;18;39
2022;Kennedy;Mujer;Ninguno;2;1;0;0;0;1;2
2022;Kennedy;Mujer;Ninguno;3;0;0;0;0;0;1
2022;Kennedy;Mujer;Régimen excepcional;2;0;0;2;0;4;5
2022;Kennedy;Mujer;Régimen excepcional;3;0;0;2;0;3;3
2022;Kennedy;Mujer;Subsidiado (EPSS);1;0;0;0;0;1;2
2022;Kennedy;Mujer;Subsidiado (EPSS);2;1;0;10;0;10;34
2022;Kennedy;Mujer;Subsidiado (EPSS);3;1;0;2;0;3;7
2022;Mártires;Hombre;Contributivo (EPS);2;0;0;0;0;1;2
2022;Mártires;Hombre;Contributivo (EPS);3;4;2;6;2;13;28
2022;Mártires;Hombre;Ninguno;2;0;0;0;0;0;1
2022;Mártires;Hombre;Ninguno;3;0;0;0;0;2;3
2022;Mártires;Hombre;Régimen excepcional;3;0;0;0;0;0;2
2022;Mártires;Hombre;Subsidiado (EPSS);2;0;0;1;0;0;5
2022;Mártires;Hombre;Subsidiado (EPSS);3;1;1;2;4;9;15
2022;Mártires;Mujer;Contributivo (EPS);2;0;0;0;0;1;1
2022;Mártires;Mujer;Contributivo (EPS);3;1;1;4;3;16;28
2022;Mártires;Mujer;Régimen excepcional;3;0;0;0;0;1;3
2022;Mártires;Mujer;Subsidiado (EPSS);2;1;1;0;1;3;6
2022;Mártires;Mujer;Subsidiado (EPSS);3;0;0;0;0;4;9
2022;Puente Aranda;Hombre;Contributivo (EPS);3;1;1;19;1;23;44
2022;Puente Aranda;Hombre;Régimen excepcional;3;0;0;1;0;0;3
2022;Puente Aranda;Hombre;Subsidiado (EPSS);3;1;0;5;0;7;9
2022;Puente Aranda;Mujer;Contributivo (EPS);3;1;0;11;2;22;32
2022;Puente Aranda;Mujer;Ninguno;3;1;0;0;0;0;2
2022;Puente Aranda;Mujer;Régimen excepcional;3;0;0;0;0;2;4
2022;Puente Aranda;Mujer;Subsidiado (EPSS);3;0;0;4;0;5;9
2022;Rafael Uribe;Hombre;Contributivo (EPS);1;0;0;3;0;3;10
2022;Rafael Uribe;Hombre;Contributivo (EPS);2;2;1;5;0;19;36
2022;Rafael Uribe;Hombre;Contributivo (EPS);3;5;3;5;7;18;26
2022;Rafael Uribe;Hombre;Régimen excepcional;2;0;0;1;0;1;2
2022;Rafael Uribe;Hombre;Régimen excepcional;3;0;0;0;0;1;1
2022;Rafael Uribe;Hombre;Subsidiado (EPSS);1;0;0;1;0;2;5
2022;Rafael Uribe;Hombre;Subsidiado (EPSS);2;2;0;1;1;5;12
2022;Rafael Uribe;Hombre;Subsidiado (EPSS);3;1;1;2;2;7;13
2022;Rafael Uribe;Mujer;Contributivo (EPS);1;1;0;0;0;0;3
2022;Rafael Uribe;Mujer;Contributivo (EPS);2;1;1;2;1;7;27
2022;Rafael Uribe;Mujer;Contributivo (EPS);3;0;4;3;3;15;27
2022;Rafael Uribe;Mujer;Ninguno;3;0;0;0;0;1;1
2022;Rafael Uribe;Mujer;Régimen excepcional;2;0;0;0;0;1;3
2022;Rafael Uribe;Mujer;Subsidiado (EPSS);1;0;0;1;0;1;7
2022;Rafael Uribe;Mujer;Subsidiado (EPSS);2;1;0;3;1;6;17
2022;Rafael Uribe;Mujer;Subsidiado (EPSS);3;1;0;5;0;5;14
2022;San Cristóbal;Hombre;Contributivo (EPS);1;0;0;1;0;2;5
2022;San Cristóbal;Hombre;Contributivo (EPS);2;4;6;6;5;23;53
2022;San Cristóbal;Hombre;Contributivo (EPS);3;0;2;1;1;4;9
2022;San Cristóbal;Hombre;Ninguno;2;0;0;0;0;1;2
2022;San Cristóbal;Hombre;Régimen excepcional;2;1;2;0;3;3;4
2022;San Cristóbal;Hombre;Subsidiado (EPSS);1;1;1;0;0;0;2
2022;San Cristóbal;Hombre;Subsidiado (EPSS);2;3;6;5;6;19;34
2022;San Cristóbal;Hombre;Subsidiado (EPSS);3;0;0;0;0;1;3
2022;San Cristóbal;Mujer;Contributivo (EPS);1;0;0;0;0;1;1
2022;San Cristóbal;Mujer;Contributivo (EPS);2;3;7;5;6;31;64
2022;San Cristóbal;Mujer;Contributivo (EPS);3;0;1;2;1;4;6
2022;San Cristóbal;Mujer;Régimen excepcional;1;1;0;0;1;1;1
2022;San Cristóbal;Mujer;Régimen excepcional;2;0;0;0;0;0;1
2022;San Cristóbal;Mujer;Subsidiado (EPSS);1;0;0;1;0;3;5
2022;San Cristóbal;Mujer;Subsidiado (EPSS);2;2;1;2;4;13;24
2022;San Cristóbal;Mujer;Subsidiado (EPSS);3;0;0;0;0;2;4
2022;Santa Fe;Hombre;Contributivo (EPS);1;0;0;0;0;0;1
2022;Santa Fe;Hombre;Contributivo (EPS);2;3;1;4;2;9;22
2022;Santa Fe;Hombre;Contributivo (EPS);3;0;0;1;0;2;4
2022;Santa Fe;Hombre;Ninguno;2;0;0;1;0;1;2
2022;Santa Fe;Hombre;Régimen excepcional;2;0;0;0;0;1;1
2022;Santa Fe;Hombre;Subsidiado (EPSS);1;0;0;0;0;1;1
2022;Santa Fe;Hombre;Subsidiado (EPSS);2;2;2;2;1;9;15
2022;Santa Fe;Hombre;Subsidiado (EPSS);3;0;0;0;0;1;5
2022;Santa Fe;Mujer;Contributivo (EPS);1;0;0;0;0;0;1
2022;Santa Fe;Mujer;Contributivo (EPS);2;6;4;6;3;10;27
2022;Santa Fe;Mujer;Contributivo (EPS);3;0;0;0;0;1;2
2022;Santa Fe;Mujer;Régimen excepcional;2;0;0;0;0;1;2
2022;Santa Fe;Mujer;Régimen excepcional;3;0;0;1;1;2;2
2022;Santa Fe;Mujer;Subsidiado (EPSS);1;0;0;0;1;1;2
2022;Santa Fe;Mujer;Subsidiado (EPSS);2;1;0;3;0;9;14
2022;Santa Fe;Mujer;Subsidiado (EPSS);3;0;1;0;0;1;3
2022;Suba;Hombre;Contributivo (EPS);2;8;15;16;6;19;71
2022;Suba;Hombre;Contributivo (EPS);3;10;12;13;10;18;48
2022;Suba;Hombre;Contributivo (EPS);4;1;2;3;2;3;5
2022;Suba;Hombre;Ninguno;2;1;0;2;0;0;4
2022;Suba;Hombre;Régimen excepcional;2;0;0;0;0;0;1
2022;Suba;Hombre;Régimen excepcional;3;0;0;2;0;1;4
2022;Suba;Hombre;Subsidiado (EPSS);2;4;8;9;4;12;39
2022;Suba;Hombre;Subsidiado (EPSS);3;2;4;3;5;7;17
2022;Suba;Mujer;Contributivo (EPS);2;6;18;19;6;24;88
2022;Suba;Mujer;Contributivo (EPS);3;3;7;12;7;19;43
2022;Suba;Mujer;Contributivo (EPS);4;1;1;1;0;3;6
2022;Suba;Mujer;Ninguno;2;0;2;1;0;0;2
2022;Suba;Mujer;Régimen excepcional;3;1;1;1;1;1;3
2022;Suba;Mujer;Subsidiado (EPSS);2;6;6;11;1;11;45
2022;Suba;Mujer;Subsidiado (EPSS);3;2;1;1;0;2;13
2022;Suba;Mujer;Subsidiado (EPSS);4;0;0;0;0;1;1
2022;Teusaquillo;Hombre;Contributivo (EPS);3;1;0;3;0;1;3
2022;Teusaquillo;Hombre;Contributivo (EPS);4;0;1;2;0;1;4
2022;Teusaquillo;Hombre;Régimen excepcional;3;0;0;0;0;0;1
2022;Teusaquillo;Hombre;Régimen excepcional;4;0;0;0;0;0;1
2022;Teusaquillo;Hombre;Subsidiado (EPSS);3;0;0;0;0;0;1
2022;Teusaquillo;Hombre;Subsidiado (EPSS);4;0;1;1;0;1;2
2022;Teusaquillo;Mujer;Contributivo (EPS);3;0;0;1;1;1;2
2022;Teusaquillo;Mujer;Contributivo (EPS);4;0;0;0;0;0;1
2022;Teusaquillo;Mujer;Ninguno;4;1;0;1;0;0;1
2022;Teusaquillo;Mujer;Subsidiado (EPSS);4;0;0;1;0;1;1
2022;Tunjuelito;Hombre;Contributivo (EPS);2;4;3;7;1;10;34
2022;Tunjuelito;Hombre;Contributivo (EPS);3;1;0;1;0;5;6
2022;Tunjuelito;Hombre;Ninguno;2;0;0;0;0;0;1
2022;Tunjuelito;Hombre;Régimen excepcional;2;0;0;0;0;0;3
2022;Tunjuelito;Hombre;Subsidiado (EPSS);2;1;0;2;0;5;17
2022;Tunjuelito;Mujer;Contributivo (EPS);1;0;0;0;0;1;1
2022;Tunjuelito;Mujer;Contributivo (EPS);2;2;2;3;1;12;35
2022;Tunjuelito;Mujer;Contributivo (EPS);3;0;0;0;0;0;1
2022;Tunjuelito;Mujer;Ninguno;2;0;0;1;0;1;2
2022;Tunjuelito;Mujer;Régimen excepcional;2;0;0;0;0;0;1
2022;Tunjuelito;Mujer;Subsidiado (EPSS);2;1;1;3;0;5;23
2022;Tunjuelito;Mujer;Subsidiado (EPSS);3;0;0;0;0;0;1
2022;Usaquén;Hombre;Contributivo (EPS);1;0;0;1;0;2;2
2022;Usaquén;Hombre;Contributivo (EPS);2;3;6;5;3;7;22
2022;Usaquén;Hombre;Contributivo (EPS);3;0;3;5;1;8;21
2022;Usaquén;Hombre;Contributivo (EPS);4;0;0;0;0;0;1
2022;Usaquén;Hombre;Ninguno;3;0;1;0;0;1;2
2022;Usaquén;Hombre;Subsidiado (EPSS);2;0;1;4;0;2;10
2022;Usaquén;Hombre;Subsidiado (EPSS);3;1;1;2;1;3;6
2022;Usaquén;Mujer;Contributivo (EPS);1;1;0;1;1;3;4
2022;Usaquén;Mujer;Contributivo (EPS);2;2;3;4;2;6;12
2022;Usaquén;Mujer;Contributivo (EPS);3;4;6;8;5;13;27
2022;Usaquén;Mujer;Contributivo (EPS);5;0;1;1;1;1;1
2022;Usaquén;Mujer;Contributivo (EPS);6;0;0;1;0;0;1
2022;Usaquén;Mujer;Subsidiado (EPSS);1;0;0;1;0;1;2
2022;Usaquén;Mujer;Subsidiado (EPSS);2;1;0;0;0;0;6
2022;Usaquén;Mujer;Subsidiado (EPSS);3;0;1;2;1;2;5
2022;Usme;Hombre;Contributivo (EPS);1;3;11;17;4;20;38
2022;Usme;Hombre;Contributivo (EPS);2;2;0;13;2;22;43
2022;Usme;Hombre;Ninguno;2;0;0;0;0;1;1
2022;Usme;Hombre;Régimen excepcional;1;1;1;1;1;1;1
2022;Usme;Hombre;Régimen excepcional;2;0;1;0;0;5;6
2022;Usme;Hombre;Subsidiado (EPSS);1;1;4;6;1;9;22
2022;Usme;Hombre;Subsidiado (EPSS);2;1;1;6;0;10;20
2022;Usme;Mujer;Contributivo (EPS);1;4;9;14;1;14;48
2022;Usme;Mujer;Contributivo (EPS);2;1;0;4;0;14;32
2022;Usme;Mujer;Ninguno;1;0;0;0;0;0;1
2022;Usme;Mujer;Régimen excepcional;2;0;0;1;0;2;2
2022;Usme;Mujer;Subsidiado (EPSS);1;4;5;6;1;10;27
2022;Usme;Mujer;Subsidiado (EPSS);2;0;1;5;0;7;17
2023;Antonio Nariño;Hombre;Contributivo (EPS);2;0;0;0;0;0;2
2023;Antonio Nariño;Hombre;Contributivo (EPS);3;0;1;8;1;12;30
2023;Antonio Nariño;Hombre;Régimen excepcional;3;0;0;0;0;1;2
2023;Antonio Nariño;Hombre;Subsidiado (EPSS);2;2;2;1;2;3;5
2023;Antonio Nariño;Hombre;Subsidiado (EPSS);3;2;1;2;0;7;22
2023;Antonio Nariño;Mujer;Contributivo (EPS);2;0;0;1;0;0;2
2023;Antonio Nariño;Mujer;Contributivo (EPS);3;3;1;2;1;15;31
2023;Antonio Nariño;Mujer;Ninguno;3;0;0;0;0;0;1
2023;Antonio Nariño;Mujer;Régimen excepcional;3;0;0;0;0;1;2
2023;Antonio Nariño;Mujer;Subsidiado (EPSS);2;0;0;0;0;1;3
2023;Antonio Nariño;Mujer;Subsidiado (EPSS);3;0;0;1;0;6;11
2023;Barrios Unidos;Hombre;Contributivo (EPS);2;0;1;0;0;0;1
2023;Barrios Unidos;Hombre;Contributivo (EPS);3;1;3;10;4;12;25
2023;Barrios Unidos;Hombre;Contributivo (EPS);4;0;0;1;0;0;2
2023;Barrios Unidos;Hombre;Subsidiado (EPSS);3;2;3;3;3;6;11
2023;Barrios Unidos;Mujer;Contributivo (EPS);3;0;1;5;0;7;23
2023;Barrios Unidos;Mujer;Contributivo (EPS);4;0;0;0;0;0;2
2023;Barrios Unidos;Mujer;Subsidiado (EPSS);2;0;0;0;1;1;1
2023;Barrios Unidos;Mujer;Subsidiado (EPSS);3;0;0;0;0;1;5
2023;Bosa;Hombre;Contributivo (EPS);1;0;0;2;0;3;6
2023;Bosa;Hombre;Contributivo (EPS);2;7;1;29;0;40;86
2023;Bosa;Hombre;Contributivo (EPS);3;0;0;0;0;1;4
2023;Bosa;Hombre;Ninguno;1;0;0;0;0;1;1
2023;Bosa;Hombre;Ninguno;2;1;0;1;0;1;3
2023;Bosa;Hombre;Régimen excepcional;1;0;0;0;0;2;2
2023;Bosa;Hombre;Régimen excepcional;2;1;0;1;0;1;3
2023;Bosa;Hombre;Subsidiado (EPSS);1;0;0;1;0;2;5
2023;Bosa;Hombre;Subsidiado (EPSS);2;3;1;9;0;12;42
2023;Bosa;Mujer;Contributivo (EPS);1;0;0;1;0;2;5
2023;Bosa;Mujer;Contributivo (EPS);2;6;1;29;2;33;83
2023;Bosa;Mujer;Ninguno;2;0;0;0;0;0;1
2023;Bosa;Mujer;Régimen excepcional;1;0;0;0;0;0;1
2023;Bosa;Mujer;Régimen excepcional;2;0;0;2;0;1;7
2023;Bosa;Mujer;Subsidiado (EPSS);1;0;0;2;0;0;4
2023;Bosa;Mujer;Subsidiado (EPSS);2;2;0;11;0;17;39
2023;Candelaria;Hombre;Contributivo (EPS);2;1;0;0;1;5;9
2023;Candelaria;Hombre;Régimen excepcional;2;0;0;0;0;0;1
2023;Candelaria;Hombre;Subsidiado (EPSS);2;0;0;2;0;1;5
2023;Candelaria;Mujer;Contributivo (EPS);2;1;1;1;1;8;18
2023;Candelaria;Mujer;Contributivo (EPS);3;0;0;0;0;0;1
2023;Candelaria;Mujer;Ninguno;2;0;0;0;0;1;2
2023;Candelaria;Mujer;Subsidiado (EPSS);2;0;0;0;0;1;5
2023;Candelaria;Mujer;Subsidiado (EPSS);3;0;0;0;1;1;2
2023;Chapinero;Hombre;Contributivo (EPS);1;1;0;0;0;0;8
2023;Chapinero;Hombre;Contributivo (EPS);2;1;2;2;0;3;10
2023;Chapinero;Hombre;Contributivo (EPS);3;0;0;1;0;0;1
2023;Chapinero;Hombre;Contributivo (EPS);4;0;1;1;0;1;2
2023;Chapinero;Hombre;Contributivo (EPS);5;0;1;1;0;2;3
2023;Chapinero;Hombre;Contributivo (EPS);6;0;0;0;0;0;2
2023;Chapinero;Hombre;Subsidiado (EPSS);1;1;0;2;1;3;4
2023;Chapinero;Hombre;Subsidiado (EPSS);2;1;2;2;1;3;7
2023;Chapinero;Hombre;Subsidiado (EPSS);4;1;1;1;1;1;1
2023;Chapinero;Mujer;Contributivo (EPS);1;0;0;0;0;2;8
2023;Chapinero;Mujer;Contributivo (EPS);2;0;2;2;0;4;9
2023;Chapinero;Mujer;Contributivo (EPS);4;0;2;2;1;2;5
2023;Chapinero;Mujer;Contributivo (EPS);6;0;0;0;0;1;2
2023;Chapinero;Mujer;Ninguno;1;0;0;0;0;0;1
2023;Chapinero;Mujer;Ninguno;6;0;0;1;0;1;1
2023;Chapinero;Mujer;Subsidiado (EPSS);1;0;0;1;0;1;1
2023;Chapinero;Mujer;Subsidiado (EPSS);2;0;0;2;0;2;4
2023;Chapinero;Mujer;Subsidiado (EPSS);4;0;0;0;0;0;1
2023;Ciudad Bolívar;Hombre;Contributivo (EPS);1;6;10;10;7;29;56
2023;Ciudad Bolívar;Hombre;Contributivo (EPS);2;3;3;5;2;9;27
2023;Ciudad Bolívar;Hombre;Contributivo (EPS);3;0;0;0;0;1;1
2023;Ciudad Bolívar;Hombre;Ninguno;1;0;1;0;0;1;1
2023;Ciudad Bolívar;Hombre;Régimen excepcional;2;0;0;0;0;0;1
2023;Ciudad Bolívar;Hombre;Subsidiado (EPSS);1;7;15;14;5;28;67
2023;Ciudad Bolívar;Hombre;Subsidiado (EPSS);2;1;1;2;0;4;11
2023;Ciudad Bolívar;Mujer;Contributivo (EPS);1;5;6;11;2;20;67
2023;Ciudad Bolívar;Mujer;Contributivo (EPS);2;0;2;5;1;7;23
2023;Ciudad Bolívar;Mujer;Contributivo (EPS);3;0;0;0;0;0;1
2023;Ciudad Bolívar;Mujer;Régimen excepcional;2;0;1;1;0;3;3
2023;Ciudad Bolívar;Mujer;Subsidiado (EPSS);1;4;3;9;2;13;53
2023;Ciudad Bolívar;Mujer;Subsidiado (EPSS);2;2;4;3;1;9;13
2023;Engativá;Hombre;Contributivo (EPS);2;9;14;11;4;9;31
2023;Engativá;Hombre;Contributivo (EPS);3;6;7;10;6;21;42
2023;Engativá;Hombre;Régimen excepcional;2;0;0;0;0;0;1
2023;Engativá;Hombre;Régimen excepcional;3;1;1;1;1;1;1
2023;Engativá;Hombre;Subsidiado (EPSS);1;0;1;1;0;0;1
2023;Engativá;Hombre;Subsidiado (EPSS);2;1;4;2;0;3;6
2023;Engativá;Hombre;Subsidiado (EPSS);3;2;3;2;3;7;15
2023;Engativá;Mujer;Contributivo (EPS);2;2;4;5;2;8;21
2023;Engativá;Mujer;Contributivo (EPS);3;2;6;9;5;12;33
2023;Engativá;Mujer;Ninguno;2;1;1;1;0;1;1
2023;Engativá;Mujer;Ninguno;3;0;0;0;0;1;1
2023;Engativá;Mujer;Régimen excepcional;2;0;0;0;0;0;1
2023;Engativá;Mujer;Régimen excepcional;3;0;1;1;0;1;3
2023;Engativá;Mujer;Subsidiado (EPSS);2;1;4;4;0;2;8
2023;Engativá;Mujer;Subsidiado (EPSS);3;1;2;1;0;2;9
2023;Fontibón;Hombre;Contributivo (EPS);2;1;0;2;0;2;19
2023;Fontibón;Hombre;Contributivo (EPS);3;1;0;7;0;14;30
2023;Fontibón;Hombre;Contributivo (EPS);4;1;1;4;0;2;7
2023;Fontibón;Hombre;Contributivo (EPS);5;0;0;0;0;1;1
2023;Fontibón;Hombre;Ninguno;4;0;0;0;0;0;1
2023;Fontibón;Hombre;Régimen excepcional;4;0;0;1;0;1;1
2023;Fontibón;Hombre;Subsidiado (EPSS);2;1;0;2;0;1;3
2023;Fontibón;Hombre;Subsidiado (EPSS);3;1;0;2;0;4;10
2023;Fontibón;Hombre;Subsidiado (EPSS);4;0;0;0;0;2;2
2023;Fontibón;Mujer;Contributivo (EPS);2;1;0;3;0;3;12
2023;Fontibón;Mujer;Contributivo (EPS);3;2;1;5;1;6;16
2023;Fontibón;Mujer;Contributivo (EPS);4;0;0;1;0;4;6
2023;Fontibón;Mujer;Contributivo (EPS);5;1;1;1;0;1;1
2023;Fontibón;Mujer;Régimen excepcional;2;1;0;1;0;0;3
2023;Fontibón;Mujer;Régimen excepcional;3;0;0;0;0;0;1
2023;Fontibón;Mujer;Subsidiado (EPSS);2;0;0;2;0;3;6
2023;Fontibón;Mujer;Subsidiado (EPSS);3;1;0;5;0;2;9
2023;Kennedy;Hombre;Contributivo (EPS);2;2;0;17;0;23;48
2023;Kennedy;Hombre;Contributivo (EPS);3;2;0;12;0;11;33
2023;Kennedy;Hombre;Régimen excepcional;2;0;0;0;0;0;1
2023;Kennedy;Hombre;Subsidiado (EPSS);1;0;0;0;0;0;1
2023;Kennedy;Hombre;Subsidiado (EPSS);2;3;1;11;1;12;33
2023;Kennedy;Hombre;Subsidiado (EPSS);3;0;0;5;0;3;8
2023;Kennedy;Mujer;Contributivo (EPS);1;0;0;0;0;1;2
2023;Kennedy;Mujer;Contributivo (EPS);2;4;2;14;0;17;55
2023;Kennedy;Mujer;Contributivo (EPS);3;2;0;4;0;6;20
2023;Kennedy;Mujer;Ninguno;2;0;0;1;0;0;1
2023;Kennedy;Mujer;Régimen excepcional;2;0;0;1;0;0;3
2023;Kennedy;Mujer;Régimen excepcional;3;0;0;0;0;0;1
2023;Kennedy;Mujer;Subsidiado (EPSS);1;1;0;1;0;1;3
2023;Kennedy;Mujer;Subsidiado (EPSS);2;1;0;9;0;8;31
2023;Kennedy;Mujer;Subsidiado (EPSS);3;1;0;6;0;9;18
2023;Mártires;Hombre;Contributivo (EPS);2;0;0;0;0;2;2
2023;Mártires;Hombre;Contributivo (EPS);3;6;4;9;5;18;29
2023;Mártires;Hombre;Ninguno;3;0;0;0;0;0;3
2023;Mártires;Hombre;Régimen excepcional;3;0;1;0;1;2;2
2023;Mártires;Hombre;Subsidiado (EPSS);2;0;0;1;0;0;4
2023;Mártires;Hombre;Subsidiado (EPSS);3;1;3;1;6;11;19
2023;Mártires;Mujer;Contributivo (EPS);2;0;0;0;0;1;2
2023;Mártires;Mujer;Contributivo (EPS);3;0;2;4;2;14;27
2023;Mártires;Mujer;Ninguno;3;0;0;1;0;0;1
2023;Mártires;Mujer;Subsidiado (EPSS);2;1;2;2;2;2;4
2023;Mártires;Mujer;Subsidiado (EPSS);3;3;3;1;2;9;18
2023;Puente Aranda;Hombre;Contributivo (EPS);2;0;0;0;0;1;1
2023;Puente Aranda;Hombre;Contributivo (EPS);3;1;0;10;0;21;48
2023;Puente Aranda;Hombre;Régimen excepcional;3;0;0;2;1;2;4
2023;Puente Aranda;Hombre;Subsidiado (EPSS);3;1;0;4;0;6;11
2023;Puente Aranda;Mujer;Contributivo (EPS);3;1;1;9;1;14;32
2023;Puente Aranda;Mujer;Régimen excepcional;3;0;0;2;0;4;7
2023;Puente Aranda;Mujer;Subsidiado (EPSS);3;0;0;2;0;3;10
2023;Rafael Uribe;Hombre;Contributivo (EPS);1;0;0;1;1;5;10
2023;Rafael Uribe;Hombre;Contributivo (EPS);2;5;3;8;1;13;35
2023;Rafael Uribe;Hombre;Contributivo (EPS);3;2;1;2;3;11;23
2023;Rafael Uribe;Hombre;Ninguno;3;0;0;0;0;0;1
2023;Rafael Uribe;Hombre;Régimen excepcional;3;0;0;0;0;0;1
2023;Rafael Uribe;Hombre;Subsidiado (EPSS);1;0;0;2;0;2;6
2023;Rafael Uribe;Hombre;Subsidiado (EPSS);2;0;2;4;1;8;23
2023;Rafael Uribe;Hombre;Subsidiado (EPSS);3;0;1;1;0;3;9
2023;Rafael Uribe;Mujer;Contributivo (EPS);1;0;0;0;0;2;5
2023;Rafael Uribe;Mujer;Contributivo (EPS);2;1;0;3;2;8;21
2023;Rafael Uribe;Mujer;Contributivo (EPS);3;2;3;8;5;11;25
2023;Rafael Uribe;Mujer;Ninguno;3;0;0;1;0;0;1
2023;Rafael Uribe;Mujer;Régimen excepcional;1;0;0;0;0;0;1
2023;Rafael Uribe;Mujer;Régimen excepcional;3;0;0;0;0;0;1
2023;Rafael Uribe;Mujer;Subsidiado (EPSS);1;0;0;0;0;0;1
2023;Rafael Uribe;Mujer;Subsidiado (EPSS);2;1;1;3;3;5;13
2023;Rafael Uribe;Mujer;Subsidiado (EPSS);3;3;1;4;1;6;12
2023;San Cristóbal;Hombre;Contributivo (EPS);1;0;0;0;0;4;7
2023;San Cristóbal;Hombre;Contributivo (EPS);2;3;3;8;1;19;50
2023;San Cristóbal;Hombre;Contributivo (EPS);3;0;1;1;1;5;9
2023;San Cristóbal;Hombre;Ninguno;2;0;0;0;0;0;1
2023;San Cristóbal;Hombre;Ninguno;3;0;0;0;0;0;1
2023;San Cristóbal;Hombre;Subsidiado (EPSS);1;1;0;1;0;2;5
2023;San Cristóbal;Hombre;Subsidiado (EPSS);2;2;1;5;1;11;26
2023;San Cristóbal;Hombre;Subsidiado (EPSS);3;0;0;1;0;0;2
2023;San Cristóbal;Mujer;Contributivo (EPS);1;0;0;1;0;4;9
2023;San Cristóbal;Mujer;Contributivo (EPS);2;1;3;5;0;19;45
2023;San Cristóbal;Mujer;Contributivo (EPS);3;0;0;0;0;2;6
2023;San Cristóbal;Mujer;Ninguno;2;0;0;1;0;1;3
2023;San Cristóbal;Mujer;Ninguno;3;0;0;0;0;1;1
2023;San Cristóbal;Mujer;Régimen excepcional;2;0;0;0;0;0;1
2023;San Cristóbal;Mujer;Régimen excepcional;3;0;0;0;0;1;2
2023;San Cristóbal;Mujer;Subsidiado (EPSS);1;1;1;0;0;2;3
2023;San Cristóbal;Mujer;Subsidiado (EPSS);2;1;1;6;0;9;26
2023;San Cristóbal;Mujer;Subsidiado (EPSS);3;0;1;1;0;1;3
2023;Santa Fe;Hombre;Contributivo (EPS);2;2;1;1;0;12;23
2023;Santa Fe;Hombre;Contributivo (EPS);3;1;1;1;1;3;5
2023;Santa Fe;Hombre;Ninguno;2;0;0;0;0;1;1
2023;Santa Fe;Hombre;Régimen excepcional;2;0;0;0;0;0;1
2023;Santa Fe;Hombre;Subsidiado (EPSS);1;0;0;0;0;1;1
2023;Santa Fe;Hombre;Subsidiado (EPSS);2;3;5;3;4;14;29
2023;Santa Fe;Hombre;Subsidiado (EPSS);3;0;0;0;0;2;3
2023;Santa Fe;Mujer;Contributivo (EPS);1;0;1;0;1;1;1
2023;Santa Fe;Mujer;Contributivo (EPS);2;2;0;4;1;12;18
2023;Santa Fe;Mujer;Contributivo (EPS);3;0;0;0;0;0;3
2023;Santa Fe;Mujer;Ninguno;2;0;0;0;0;1;1
2023;Santa Fe;Mujer;Ninguno;3;0;0;0;0;1;1
2023;Santa Fe;Mujer;Régimen excepcional;3;0;0;1;0;1;1
2023;Santa Fe;Mujer;Subsidiado (EPSS);1;0;0;0;0;1;3
2023;Santa Fe;Mujer;Subsidiado (EPSS);2;0;0;2;0;7;17
2023;Santa Fe;Mujer;Subsidiado (EPSS);3;0;1;0;0;5;8
2023;Suba;Hombre;Contributivo (EPS);2;13;26;29;9;33;89
2023;Suba;Hombre;Contributivo (EPS);3;7;10;12;7;16;38
2023;Suba;Hombre;Contributivo (EPS);4;0;1;3;2;2;5
2023;Suba;Hombre;Contributivo (EPS);5;0;2;2;2;2;7
2023;Suba;Hombre;Contributivo (EPS);6;0;1;1;0;0;1
2023;Suba;Hombre;Ninguno;2;0;1;1;0;0;3
2023;Suba;Hombre;Ninguno;3;0;0;0;0;1;1
2023;Suba;Hombre;Ninguno;5;0;0;0;0;0;2
2023;Suba;Hombre;Régimen excepcional;2;0;0;1;0;1;2
2023;Suba;Hombre;Régimen excepcional;3;1;0;1;0;1;2
2023;Suba;Hombre;Subsidiado (EPSS);2;7;7;10;3;9;39
2023;Suba;Hombre;Subsidiado (EPSS);3;1;2;3;1;4;8
2023;Suba;Mujer;Contributivo (EPS);2;10;14;20;5;28;74
2023;Suba;Mujer;Contributivo (EPS);3;4;5;5;3;9;21
2023;Suba;Mujer;Contributivo (EPS);4;1;1;3;1;2;6
2023;Suba;Mujer;Contributivo (EPS);5;0;0;0;0;0;4
2023;Suba;Mujer;Ninguno;3;0;0;1;0;0;1
2023;Suba;Mujer;Régimen excepcional;2;0;0;1;0;1;1
2023;Suba;Mujer;Régimen excepcional;4;0;0;0;0;0;1
2023;Suba;Mujer;Subsidiado (EPSS);2;7;15;14;2;12;42
2023;Suba;Mujer;Subsidiado (EPSS);3;0;2;2;1;3;8
2023;Sumapaz;Hombre;Contributivo (EPS);1;1;1;1;2;4;5
2023;Sumapaz;Hombre;Régimen excepcional;1;0;0;0;1;1;1
2023;Sumapaz;Hombre;Subsidiado (EPSS);1;0;0;0;0;0;1
2023;Sumapaz;Mujer;Contributivo (EPS);1;1;1;1;0;2;4
2023;Sumapaz;Mujer;Subsidiado (EPSS);1;0;0;0;0;0;1
2023;Teusaquillo;Hombre;Contributivo (EPS);3;1;2;2;1;5;7
2023;Teusaquillo;Hombre;Contributivo (EPS);4;2;5;5;5;10;21
2023;Teusaquillo;Hombre;Contributivo (EPS);5;0;0;1;0;1;2
2023;Teusaquillo;Hombre;Subsidiado (EPSS);3;0;0;0;0;0;2
2023;Teusaquillo;Mujer;Contributivo (EPS);3;0;2;2;0;2;6
2023;Teusaquillo;Mujer;Contributivo (EPS);4;3;5;9;4;10;18
2023;Teusaquillo;Mujer;Contributivo (EPS);5;0;0;0;0;0;1
2023;Teusaquillo;Mujer;Subsidiado (EPSS);3;0;0;0;0;0;4
2023;Teusaquillo;Mujer;Subsidiado (EPSS);4;0;1;1;0;1;3
2023;Tunjuelito;Hombre;Contributivo (EPS);2;3;3;6;5;17;27
2023;Tunjuelito;Hombre;Contributivo (EPS);3;0;2;1;1;3;6
2023;Tunjuelito;Hombre;Subsidiado (EPSS);1;0;0;0;0;0;1
2023;Tunjuelito;Hombre;Subsidiado (EPSS);2;1;4;5;2;9;24
2023;Tunjuelito;Hombre;Subsidiado (EPSS);3;0;0;0;0;0;1
2023;Tunjuelito;Mujer;Contributivo (EPS);1;0;0;0;0;0;1
2023;Tunjuelito;Mujer;Contributivo (EPS);2;3;5;12;6;22;42
2023;Tunjuelito;Mujer;Contributivo (EPS);3;0;0;0;0;2;3
2023;Tunjuelito;Mujer;Ninguno;2;0;0;0;0;0;1
2023;Tunjuelito;Mujer;Régimen excepcional;2;0;0;0;0;0;1
2023;Tunjuelito;Mujer;Subsidiado (EPSS);2;0;2;3;1;5;16
2023;Tunjuelito;Mujer;Subsidiado (EPSS);3;0;0;0;0;1;3
2023;Usaquén;Hombre;Contributivo (EPS);1;0;0;0;0;0;2
2023;Usaquén;Hombre;Contributivo (EPS);2;1;2;6;1;13;25
2023;Usaquén;Hombre;Contributivo (EPS);3;1;3;3;2;6;13
2023;Usaquén;Hombre;Contributivo (EPS);4;2;2;5;1;1;7
2023;Usaquén;Hombre;Contributivo (EPS);5;0;1;2;1;3;5
2023;Usaquén;Hombre;Contributivo (EPS);6;2;2;2;2;3;5
2023;Usaquén;Hombre;Ninguno;4;0;0;0;0;0;1
2023;Usaquén;Hombre;Subsidiado (EPSS);1;0;1;0;0;0;4
2023;Usaquén;Hombre;Subsidiado (EPSS);2;2;2;2;3;7;12
2023;Usaquén;Hombre;Subsidiado (EPSS);3;0;1;3;1;1;7
2023;Usaquén;Mujer;Contributivo (EPS);1;2;3;4;1;4;9
2023;Usaquén;Mujer;Contributivo (EPS);2;1;3;4;3;8;21
2023;Usaquén;Mujer;Contributivo (EPS);3;2;2;1;0;2;8
2023;Usaquén;Mujer;Contributivo (EPS);4;1;4;6;4;5;12
2023;Usaquén;Mujer;Contributivo (EPS);5;0;0;0;1;2;5
2023;Usaquén;Mujer;Contributivo (EPS);6;1;0;2;0;3;5
2023;Usaquén;Mujer;Ninguno;1;0;0;0;0;0;1
2023;Usaquén;Mujer;Ninguno;2;0;0;0;0;0;1
2023;Usaquén;Mujer;Subsidiado (EPSS);1;1;0;1;0;1;3
2023;Usaquén;Mujer;Subsidiado (EPSS);2;0;1;0;0;2;4
2023;Usaquén;Mujer;Subsidiado (EPSS);3;2;4;3;0;3;9
2023;Usme;Hombre;Contributivo (EPS);1;5;9;10;3;22;42
2023;Usme;Hombre;Contributivo (EPS);2;4;7;11;3;17;47
2023;Usme;Hombre;Contributivo (EPS);3;0;0;0;0;1;1
2023;Usme;Hombre;Ninguno;1;0;0;0;0;0;1
2023;Usme;Hombre;Régimen excepcional;1;0;0;1;0;0;1
2023;Usme;Hombre;Régimen excepcional;2;0;2;2;0;1;4
2023;Usme;Hombre;Subsidiado (EPSS);1;1;6;7;2;13;28
2023;Usme;Hombre;Subsidiado (EPSS);2;3;4;5;2;8;17
2023;Usme;Mujer;Contributivo (EPS);1;1;4;2;2;10;24
2023;Usme;Mujer;Contributivo (EPS);2;2;8;4;1;18;34
2023;Usme;Mujer;Régimen excepcional;1;0;0;0;0;0;1
2023;Usme;Mujer;Régimen excepcional;2;0;0;2;0;1;4
2023;Usme;Mujer;Subsidiado (EPSS);1;2;3;4;2;8;22
2023;Usme;Mujer;Subsidiado (EPSS);2;1;5;2;0;8;19
